Workbook

Sheet Sheet1
A1: 字结构： 一个16位字包含：
A2: 14位 数据/操作码
A3: 1位 符号位
A4: 1位 奇偶校验位
A5: 数据格式： 使用补码表示负数，大部分计算采用分数制（数值范围约在-1到+1之间），以简化三角函数和导航方程的计算
A6: 2. 指令集关键特点
A7: AGC的指令分为两大类，由指令字的高3位决定
A8: A. 常见操作码
A9: 以下是AGC汇编语言中的关键指令助记符及其功能：
A10: TC： 转移控制
A12: 最重要的指令之一。执行无条件跳转或子程序调用。
A13: TC K 会跳转到地址K，并将返回地址保存在一个特殊的寄存器Q中。因此，子程序返回通过 TC Q 实现。
... A53: CYR, SR, CYL 等： 用于移位的临时寄存器。

Sheet Sheet2
A1: AGC指令编码格式
A2: 一个15位指令字（不含奇偶位）的位格式：
A3: text
A4: 14 13 12 11 10 09 08 07 06 05 04 03 02 01 00
A5: ┌───┬───────────────────┬───────────────────┐
A6: │OP │ 寄存器/特殊码 │ 内存地址/数据 │
A7: └───┴───────────────────┴───────────────────┘
A8: 3位 3位 9位

Sheet 80C51
A1: RAM
A2: 0 | B2: =DEC2HEX(A2) -> 0 | C2: R0 | D2: 32 | E2: =DEC2HEX(D2) -> 20 | G2: 64 | H2: =DEC2HEX(G2) -> 40 | J2: 96 | K2: =DEC2HEX(J2) -> 60 | M2: 128 | N2: =DEC2HEX(M2) -> 80 | O2: P0 | P2: 160 | Q2: =DEC2HEX(P2) -> A0 | R2: P2 | S2: 192 | T2: =DEC2HEX(S2) -> C0 | V2: 224 | W2: =DEC2HEX(V2) -> E0 | X2: ACC
A3: 1 | B3: =DEC2HEX(A3) -> 1 | C3: R1 | D3: 33 | E3: =DEC2HEX(D3) -> 21 | G3: 65 | H3: =DEC2HEX(G3) -> 41 | J3: 97 | K3: =DEC2HEX(J3) -> 61 | M3: 129 | N3: =DEC2HEX(M3) -> 81 | O3: SP=07H | P3: 161 | Q3: =DEC2HEX(P3) -> A1 | S3: 193 | T3: =DEC2HEX(S3) -> C1 | V3: 225 | W3: =DEC2HEX(V3) -> E1
A4: 2 | B4: =DEC2HEX(A4) -> 2 | C4: R2 | D4: 34 | E4: =DEC2HEX(D4) -> 22 | G4: 66 | H4: =DEC2HEX(G4) -> 42 | J4: 98 | K4: =DEC2HEX(J4) -> 62 | M4: 130 | N4: =DEC2HEX(M4) -> 82 | O4: DPL | P4: 162 | Q4: =DEC2HEX(P4) -> A2 | S4: 194 | T4: =DEC2HEX(S4) -> C2 | V4: 226 | W4: =DEC2HEX(V4) -> E2
A5: 3 | B5: =DEC2HEX(A5) -> 3 | C5: R3 | D5: 35 | E5: =DEC2HEX(D5) -> 23 | G5: 67 | H5: =DEC2HEX(G5) -> 43 | J5: 99 | K5: =DEC2HEX(J5) -> 63 | M5: 131 | N5: =DEC2HEX(M5) -> 83 | O5: DPH | P5: 163 | Q5: =DEC2HEX(P5) -> A3 | S5: 195 | T5: =DEC2HEX(S5) -> C3 | V5: 227 | W5: =DEC2HEX(V5) -> E3
A6: 4 | B6: =DEC2HEX(A6) -> 4 | C6: R4 | D6: 36 | E6: =DEC2HEX(D6) -> 24 | G6: 68 | H6: =DEC2HEX(G6) -> 44 | J6: 100 | K6: =DEC2HEX(J6) -> 64 | M6: 132 | N6: =DEC2HEX(M6) -> 84 | P6: 164 | Q6: =DEC2HEX(P6) -> A4 | S6: 196 | T6: =DEC2HEX(S6) -> C4 | V6: 228 | W6: =DEC2HEX(V6) -> E4
A7: 5 | B7: =DEC2HEX(A7) -> 5 | C7: R5 | D7: 37 | E7: =DEC2HEX(D7) -> 25 | G7: 69 | H7: =DEC2HEX(G7) -> 45 | J7: 101 | K7: =DEC2HEX(J7) -> 65 | M7: 133 | N7: =DEC2HEX(M7) -> 85 | P7: 165 | Q7: =DEC2HEX(P7) -> A5 | S7: 197 | T7: =DEC2HEX(S7) -> C5 | V7: 229 | W7: =DEC2HEX(V7) -> E5
A8: 6 | B8: =DEC2HEX(A8) -> 6 | C8: R6 | D8: 38 | E8: =DEC2HEX(D8) -> 26 | G8: 70 | H8: =DEC2HEX(G8) -> 46 | J8: 102 | K8: =DEC2HEX(J8) -> 66 | M8: 134 | N8: =DEC2HEX(M8) -> 86 | P8: 166 | Q8: =DEC2HEX(P8) -> A6 | S8: 198 | T8: =DEC2HEX(S8) -> C6 | V8: 230 | W8: =DEC2HEX(V8) -> E6
A9: 7 | B9: =DEC2HEX(A9) -> 7 | C9: R7 | D9: 39 | E9: =DEC2HEX(D9) -> 27 | G9: 71 | H9: =DEC2HEX(G9) -> 47 | J9: 103 | K9: =DEC2HEX(J9) -> 67 | M9: 135 | N9: =DEC2HEX(M9) -> 87 | O9: PCON | P9: 167 | Q9: =DEC2HEX(P9) -> A7 | S9: 199 | T9: =DEC2HEX(S9) -> C7 | V9: 231 | W9: =DEC2HEX(V9) -> E7
A10: 8 | B10: =DEC2HEX(A10) -> 8 | C10: R0 | D10: 40 | E10: =DEC2HEX(D10) -> 28 | G10: 72 | H10: =DEC2HEX(G10) -> 48 | J10: 104 | K10: =DEC2HEX(J10) -> 68 | M10: 136 | N10: =DEC2HEX(M10) -> 88 | O10: TCON | P10: 168 | Q10: =DEC2HEX(P10) -> A8 | R10: IE | S10: 200 | T10: =DEC2HEX(S10) -> C8 | V10: 232 | W10: =DEC2HEX(V10) -> E8
A11: 9 | B11: =DEC2HEX(A11) -> 9 | C11: R1 | D11: 41 | E11: =DEC2HEX(D11) -> 29 | G11: 73 | H11: =DEC2HEX(G11) -> 49 | J11: 105 | K11: =DEC2HEX(J11) -> 69 | M11: 137 | N11: =DEC2HEX(M11) -> 89 | O11: TMOD | P11: 169 | Q11: =DEC2HEX(P11) -> A9 | S11: 201 | T11: =DEC2HEX(S11) -> C9 | V11: 233 | W11: =DEC2HEX(V11) -> E9
A12: 10 | B12: =DEC2HEX(A12) -> A | C12: R2 | D12: 42 | E12: =DEC2HEX(D12) -> 2A | G12: 74 | H12: =DEC2HEX(G12) -> 4A | J12: 106 | K12: =DEC2HEX(J12) -> 6A | M12: 138 | N12: =DEC2HEX(M12) -> 8A | O12: TL0 | P12: 170 | Q12: =DEC2HEX(P12) -> AA | S12: 202 | T12: =DEC2HEX(S12) -> CA | V12: 234 | W12: =DEC2HEX(V12) -> EA
A13: 11 | B13: =DEC2HEX(A13) -> B | C13: R3 | D13: 43 | E13: =DEC2HEX(D13) -> 2B | G13: 75 | H13: =DEC2HEX(G13) -> 4B | J13: 107 | K13: =DEC2HEX(J13) -> 6B | M13: 139 | N13: =DEC2HEX(M13) -> 8B | O13: TL1 | P13: 171 | Q13: =DEC2HEX(P13) -> AB | S13: 203 | T13: =DEC2HEX(S13) -> CB | V13: 235 | W13: =DEC2HEX(V13) -> EB
A14: 12 | B14: =DEC2HEX(A14) -> C | C14: R4 | D14: 44 | E14: =DEC2HEX(D14) -> 2C | G14: 76 | H14: =DEC2HEX(G14) -> 4C | J14: 108 | K14: =DEC2HEX(J14) -> 6C | M14: 140 | N14: =DEC2HEX(M14) -> 8C | O14: TH0 | P14: 172 | Q14: =DEC2HEX(P14) -> AC | S14: 204 | T14: =DEC2HEX(S14) -> CC | V14: 236 | W14: =DEC2HEX(V14) -> EC
A15: 13 | B15: =DEC2HEX(A15) -> D | C15: R5 | D15: 45 | E15: =DEC2HEX(D15) -> 2D | G15: 77 | H15: =DEC2HEX(G15) -> 4D | J15: 109 | K15: =DEC2HEX(J15) -> 6D | M15: 141 | N15: =DEC2HEX(M15) -> 8D | O15: TH1 | P15: 173 | Q15: =DEC2HEX(P15) -> AD | S15: 205 | T15: =DEC2HEX(S15) -> CD | V15: 237 | W15: =DEC2HEX(V15) -> ED
A16: 14 | B16: =DEC2HEX(A16) -> E | C16: R6 | D16: 46 | E16: =DEC2HEX(D16) -> 2E | G16: 78 | H16: =DEC2HEX(G16) -> 4E | J16: 110 | K16: =DEC2HEX(J16) -> 6E | M16: 142 | N16: =DEC2HEX(M16) -> 8E | P16: 174 | Q16: =DEC2HEX(P16) -> AE | S16: 206 | T16: =DEC2HEX(S16) -> CE | V16: 238 | W16: =DEC2HEX(V16) -> EE
A17: 15 | B17: =DEC2HEX(A17) -> F | C17: R7 | D17: 47 | E17: =DEC2HEX(D17) -> 2F | G17: 79 | H17: =DEC2HEX(G17) -> 4F | J17: 111 | K17: =DEC2HEX(J17) -> 6F | M17: 143 | N17: =DEC2HEX(M17) -> 8F | P17: 175 | Q17: =DEC2HEX(P17) -> AF | S17: 207 | T17: =DEC2HEX(S17) -> CF | V17: 239 | W17: =DEC2HEX(V17) -> EF
A18: 16 | B18: =DEC2HEX(A18) -> 10 | C18: R0 | D18: 48 | E18: =DEC2HEX(D18) -> 30 | G18: 80 | H18: =DEC2HEX(G18) -> 50 | J18: 112 | K18: =DEC2HEX(J18) -> 70 | M18: 144 | N18: =DEC2HEX(M18) -> 90 | O18: P1 | P18: 176 | Q18: =DEC2HEX(P18) -> B0 | R18: P3 | S18: 208 | T18: =DEC2HEX(S18) -> D0 | U18: PSW | V18: 240 | W18: =DEC2HEX(V18) -> F0 | X18: B寄存器
A19: 17 | B19: =DEC2HEX(A19) -> 11 | C19: R1 | D19: 49 | E19: =DEC2HEX(D19) -> 31 | G19: 81 | H19: =DEC2HEX(G19) -> 51 | J19: 113 | K19: =DEC2HEX(J19) -> 71 | M19: 145 | N19: =DEC2HEX(M19) -> 91 | P19: 177 | Q19: =DEC2HEX(P19) -> B1 | S19: 209 | T19: =DEC2HEX(S19) -> D1 | V19: 241 | W19: =DEC2HEX(V19) -> F1
A20: 18 | B20: =DEC2HEX(A20) -> 12 | C20: R2 | D20: 50 | E20: =DEC2HEX(D20) -> 32 | G20: 82 | H20: =DEC2HEX(G20) -> 52 | J20: 114 | K20: =DEC2HEX(J20) -> 72 | M20: 146 | N20: =DEC2HEX(M20) -> 92 | P20: 178 | Q20: =DEC2HEX(P20) -> B2 | S20: 210 | T20: =DEC2HEX(S20) -> D2 | V20: 242 | W20: =DEC2HEX(V20) -> F2
A21: 19 | B21: =DEC2HEX(A21) -> 13 | C21: R3 | D21: 51 | E21: =DEC2HEX(D21) -> 33 | G21: 83 | H21: =DEC2HEX(G21) -> 53 | J21: 115 | K21: =DEC2HEX(J21) -> 73 | M21: 147 | N21: =DEC2HEX(M21) -> 93 | P21: 179 | Q21: =DEC2HEX(P21) -> B3 | S21: 211 | T21: =DEC2HEX(S21) -> D3 | V21: 243 | W21: =DEC2HEX(V21) -> F3
A22: 20 | B22: =DEC2HEX(A22) -> 14 | C22: R4 | D22: 52 | E22: =DEC2HEX(D22) -> 34 | G22: 84 | H22: =DEC2HEX(G22) -> 54 | J22: 116 | K22: =DEC2HEX(J22) -> 74 | M22: 148 | N22: =DEC2HEX(M22) -> 94 | P22: 180 | Q22: =DEC2HEX(P22) -> B4 | S22: 212 | T22: =DEC2HEX(S22) -> D4 | V22: 244 | W22: =DEC2HEX(V22) -> F4
A23: 21 | B23: =DEC2HEX(A23) -> 15 | C23: R5 | D23: 53 | E23: =DEC2HEX(D23) -> 35 | G23: 85 | H23: =DEC2HEX(G23) -> 55 | J23: 117 | K23: =DEC2HEX(J23) -> 75 | M23: 149 | N23: =DEC2HEX(M23) -> 95 | P23: 181 | Q23: =DEC2HEX(P23) -> B5 | S23: 213 | T23: =DEC2HEX(S23) -> D5 | V23: 245 | W23: =DEC2HEX(V23) -> F5
A24: 22 | B24: =DEC2HEX(A24) -> 16 | C24: R6 | D24: 54 | E24: =DEC2HEX(D24) -> 36 | G24: 86 | H24: =DEC2HEX(G24) -> 56 | J24: 118 | K24: =DEC2HEX(J24) -> 76 | M24: 150 | N24: =DEC2HEX(M24) -> 96 | P24: 182 | Q24: =DEC2HEX(P24) -> B6 | S24: 214 | T24: =DEC2HEX(S24) -> D6 | V24: 246 | W24: =DEC2HEX(V24) -> F6
A25: 23 | B25: =DEC2HEX(A25) -> 17 | C25: R7 | D25: 55 | E25: =DEC2HEX(D25) -> 37 | G25: 87 | H25: =DEC2HEX(G25) -> 57 | J25: 119 | K25: =DEC2HEX(J25) -> 77 | M25: 151 | N25: =DEC2HEX(M25) -> 97 | P25: 183 | Q25: =DEC2HEX(P25) -> B7 | S25: 215 | T25: =DEC2HEX(S25) -> D7 | V25: 247 | W25: =DEC2HEX(V25) -> F7
A26: 24 | B26: =DEC2HEX(A26) -> 18 | C26: R0 | D26: 56 | E26: =DEC2HEX(D26) -> 38 | G26: 88 | H26: =DEC2HEX(G26) -> 58 | J26: 120 | K26: =DEC2HEX(J26) -> 78 | M26: 152 | N26: =DEC2HEX(M26) -> 98 | O26: SCON | P26: 184 | Q26: =DEC2HEX(P26) -> B8 | R26: IP | S26: 216 | T26: =DEC2HEX(S26) -> D8 | V26: 248 | W26: =DEC2HEX(V26) -> F8
A27: 25 | B27: =DEC2HEX(A27) -> 19 | C27: R1 | D27: 57 | E27: =DEC2HEX(D27) -> 39 | G27: 89 | H27: =DEC2HEX(G27) -> 59 | J27: 121 | K27: =DEC2HEX(J27) -> 79 | M27: 153 | N27: =DEC2HEX(M27) -> 99 | O27: SBUF | P27: 185 | Q27: =DEC2HEX(P27) -> B9 | S27: 217 | T27: =DEC2HEX(S27) -> D9 | V27: 249 | W27: =DEC2HEX(V27) -> F9 | AA27: =POWER(2,16) -> 65536
A28: 26 | B28: =DEC2HEX(A28) -> 1A | C28: R2 | D28: 58 | E28: =DEC2HEX(D28) -> 3A | G28: 90 | H28: =DEC2HEX(G28) -> 5A | J28: 122 | K28: =DEC2HEX(J28) -> 7A | M28: 154 | N28: =DEC2HEX(M28) -> 9A | P28: 186 | Q28: =DEC2HEX(P28) -> BA | S28: 218 | T28: =DEC2HEX(S28) -> DA | V28: 250 | W28: =DEC2HEX(V28) -> FA
A29: 27 | B29: =DEC2HEX(A29) -> 1B | C29: R3 | D29: 59 | E29: =DEC2HEX(D29) -> 3B | G29: 91 | H29: =DEC2HEX(G29) -> 5B | J29: 123 | K29: =DEC2HEX(J29) -> 7B | M29: 155 | N29: =DEC2HEX(M29) -> 9B | P29: 187 | Q29: =DEC2HEX(P29) -> BB | S29: 219 | T29: =DEC2HEX(S29) -> DB | V29: 251 | W29: =DEC2HEX(V29) -> FB
A30: 28 | B30: =DEC2HEX(A30) -> 1C | C30: R4 | D30: 60 | E30: =DEC2HEX(D30) -> 3C | G30: 92 | H30: =DEC2HEX(G30) -> 5C | J30: 124 | K30: =DEC2HEX(J30) -> 7C | M30: 156 | N30: =DEC2HEX(M30) -> 9C | P30: 188 | Q30: =DEC2HEX(P30) -> BC | S30: 220 | T30: =DEC2HEX(S30) -> DC | V30: 252 | W30: =DEC2HEX(V30) -> FC
A31: 29 | B31: =DEC2HEX(A31) -> 1D | C31: R5 | D31: 61 | E31: =DEC2HEX(D31) -> 3D | G31: 93 | H31: =DEC2HEX(G31) -> 5D | J31: 125 | K31: =DEC2HEX(J31) -> 7D | M31: 157 | N31: =DEC2HEX(M31) -> 9D | P31: 189 | Q31: =DEC2HEX(P31) -> BD | S31: 221 | T31: =DEC2HEX(S31) -> DD | V31: 253 | W31: =DEC2HEX(V31) -> FD
A32: 30 | B32: =DEC2HEX(A32) -> 1E | C32: R6 | D32: 62 | E32: =DEC2HEX(D32) -> 3E | G32: 94 | H32: =DEC2HEX(G32) -> 5E | J32: 126 | K32: =DEC2HEX(J32) -> 7E | M32: 158 | N32: =DEC2HEX(M32) -> 9E | P32: 190 | Q32: =DEC2HEX(P32) -> BE | S32: 222 | T32: =DEC2HEX(S32) -> DE | V32: 254 | W32: =DEC2HEX(V32) -> FE
A33: 31 | B33: =DEC2HEX(A33) -> 1F | C33: R7 | D33: 63 | E33: =DEC2HEX(D33) -> 3F | G33: 95 | H33: =DEC2HEX(G33) -> 5F | J33: 127 | K33: =DEC2HEX(J33) -> 7F | M33: 159 | N33: =DEC2HEX(M33) -> 9F | P33: 191 | Q33: =DEC2HEX(P33) -> BF | S33: 223 | T33: =DEC2HEX(S33) -> DF | V33: 255 | W33: =DEC2HEX(V33) -> FF
A35: ROM地址空间 (程序存储器)
A36: ┌─────────────┐
A37: │ 0000H │ ← 复位向量 (必须放LJMP跳转指令)
A38: ├─────────────┤
A39: │ 0003H │ ← INT0中断入口 (仅8字节空间)
A40: ├─────────────┤
A41: │ 000BH │ ← T0中断入口 (仅8字节空间)
A42: ├─────────────┤
A43: │ 0013H │ ← INT1中断入口 (仅8字节空间)
A44: ├─────────────┤
A45: │ 001BH │ ← T1中断入口 (仅8字节空间)
A46: ├─────────────┤
... A49: │ 002BH │ ← T2中断入口 (增强型，仅8字节)
A50: ├─────────────┤ | P50: 12 | R50: =DEC2BIN(P50) -> 1100 | U50: =DEC2HEX(P50) -> C
A51: │ 0030H │ ← 用户程序通常从此开始
A52: └─────────────┘

Sheet STC90C52汇编指令
A1: 一、数据传送指令 (28条) | J1: 七、标志位速查表
B2: 机器码 | C2: 汇编指令 | D2: 说明 | E2: 字节 | F2: 周期 | G2: 标志位 | J2: 标志位 | K2: 名称 | L2: 位置 | M2: 说明
A3: 1.1 累加器相关 | B3: E8~EF | C3: MOV A, Rn | D3: Rn→A (n=0~7) | E3: 1 | F3: 1 | G3: ×××× | H3: 8 | J3: CY | K3: 进位标志 | L3: PSW.7 | M3: 加减法进位/借位
B4: E5 dd | C4: MOV A, direct | D4: (direct)→A | E4: 2 | F4: 1 | G4: ×××× | H4: 1 | J4: AC | K4: 辅助进位 | L4: PSW.6 | M4: BCD码调整用
B5: E6~E7 | C5: MOV A, @Ri | D5: (Ri)→A (i=0,1) | E5: 1 | F5: 1 | G5: ×××× | H5: 2 | J5: F0 | K5: 用户标志0 | L5: PSW.5 | M5: 用户自定义
B6: 74 xx | C6: MOV A, #data | D6: #data→A | E6: 2 | F6: 1 | G6: ×××× | H6: 1 | J6: RS1 | K6: 寄存器区选择1 | L6: PSW.4 | M6: 00=区0, 01=区1
B7: F8~FF | C7: MOV Rn, A | D7: A→Rn | E7: 1 | F7: 1 | G7: ×××× | H7: 8 | J7: RS0 | K7: 寄存器区选择0 | L7: PSW.3 | M7: 10=区2, 11=区3
B8: A8~AF dd | C8: MOV Rn, direct | D8: (direct)→Rn | E8: 2 | F8: 2 | G8: ×××× | H8: 8 | J8: OV | K8: 溢出标志 | L8: PSW.2 | M8: 有符号溢出
B9: 78~7F xx | C9: MOV Rn, #data | D9: #data→Rn | E9: 2 | F9: 1 | G9: ×××× | H9: 8 | J9: P | K9: 奇偶标志 | L9: PSW.0 | M9: A中1的个数为奇则置1
A10: 1.2 直接地址传送 | B10: F5 dd | C10: MOV direct, A | D10: A→direct | E10: 2 | F10: 1 | H10: 1
B11: 88~8F dd | C11: MOV direct, Rn | D11: Rn→direct | E11: 2 | F11: 2 | H11: 8
B12: 85 dd dd | C12: MOV direct1, direct2 | D12: (direct2)→direct1 | E12: 3 | F12: 2 | H12: 1
B13: 86~87 dd | C13: MOV direct, @Ri | D13: (Ri)→direct | E13: 2 | F13: 2 | H13: 2
B14: 75 dd xx | C14: MOV direct, #data | D14: #data→direct | E14: 3 | F14: 2 | H14: 1
B15: F6~F7 | C15: MOV @Ri, A | D15: A→(Ri) | E15: 1 | F15: 1 | H15: 2
B16: A6~A7 dd | C16: MOV @Ri, direct | D16: (direct)→(Ri) | E16: 2 | F16: 2 | H16: 2
B17: 76~77 xx | C17: MOV @Ri, #data | D17: #data→(Ri) | E17: 2 | F17: 1 | H17: 2
A18: 1.4 16位数据传送 | B18: 90 xx xx | C18: MOV DPTR, #data16 | D18: #data16→DPTR | E18: 3 | F18: 2 | G18: ×××× | H18: 1
A19: 1.5 查表指令 | B19: 83 | C19: MOVC A, @A+PC | D19: (A+PC)→A | E19: 1 | F19: 2 | H19: 1
B20: 93 | C20: MOVC A, @A+DPTR | D20: (A+DPTR)→A | E20: 1 | F20: 2 | H20: 1
A21: 1.6 外部RAM传送 | B21: E2~E3 | C21: MOVX A, @Ri | D21: (Ri)→A (外部) | E21: 1 | F21: 2 | H21: 2
B22: F2~F3 | C22: MOVX @Ri, A | D22: A→(Ri) (外部) | E22: 1 | F22: 2 | H22: 2
B23: E0 | C23: MOVX A, @DPTR | D23: (DPTR)→A (外部) | E23: 1 | F23: 2 | H23: 1
B24: F0 | C24: MOVX @DPTR, A | D24: A→(DPTR) (外部) | E24: 1 | F24: 2 | H24: 1
A25: 1.7 堆栈操作 | B25: C0 dd | C25: PUSH direct | D25: SP←SP+1, (SP)←(direct) | E25: 2 | F25: 2 | H25: 1
B26: D0 dd | C26: POP direct | D26: (direct)←(SP), SP←SP-1 | E26: 2 | F26: 2 | H26: 1
A27: 1.8 交换指令 | B27: C6~C7 | C27: XCH A, @Ri | D27: A↔(Ri) | E27: 1 | F27: 1 | G27: ×××× | H27: 2
B28: C8~CF | C28: XCH A, Rn | D28: A↔Rn | E28: 1 | F28: 1 | G28: ×××× | H28: 8
B29: C5 dd | C29: XCH A, direct | D29: A↔(direct) | E29: 2 | F29: 1 | G29: ×××× | H29: 1
B30: D6~D7 | C30: XCHD A, @Ri | D30: A[3:0]↔(Ri)[3:0] | E30: 1 | F30: 1 | G30: ×××× | H30: 2
A31: 二、算术运算指令 (24条)
B32: 机器码 | C32: 汇编指令 | D32: 说明 | E32: 字节 | F32: 周期 | G32: 标志位影响
A33: 2.1 加法 | B33: 28~2F | C33: ADD A, Rn | D33: A+Rn→A | E33: 1 | F33: 1 | G33: √√√√ | H33: 8
B34: 25 dd | C34: ADD A, direct | D34: A+(direct)→A | E34: 2 | F34: 1 | G34: √√√√ | H34: 1
B35: 26~27 | C35: ADD A, @Ri | D35: A+(Ri)→A | E35: 1 | F35: 1 | G35: √√√√ | H35: 2
B36: 24 xx | C36: ADD A, #data | D36: A+#data→A | E36: 2 | F36: 1 | G36: √√√√ | H36: 1
B37: 38~3F | C37: ADDC A, Rn | D37: A+Rn+CY→A | E37: 1 | F37: 1 | G37: √√√√ | H37: 8
B38: 35 dd | C38: ADDC A, direct | D38: A+(direct)+CY→A | E38: 2 | F38: 1 | G38: √√√√ | H38: 1
B39: 36~37 | C39: ADDC A, @Ri | D39: A+(Ri)+CY→A | E39: 1 | F39: 1 | G39: √√√√ | H39: 2
B40: 34 xx | C40: ADDC A, #data | D40: A+#data+CY→A | E40: 2 | F40: 1 | G40: √√√√ | H40: 1
A41: 2.2 带借位减法 | B41: 98~9F | C41: SUBB A, Rn | D41: A-Rn-CY→A | E41: 1 | F41: 1 | G41: √√√√ | H41: 8
B42: 95 dd | C42: SUBB A, direct | D42: A-(direct)-CY→A | E42: 2 | F42: 1 | G42: √√√√ | H42: 1
B43: 96~97 | C43: SUBB A, @Ri | D43: A-(Ri)-CY→A | E43: 1 | F43: 1 | G43: √√√√ | H43: 2
B44: 94 xx | C44: SUBB A, #data | D44: A-#data-CY→A | E44: 2 | F44: 1 | G44: √√√√ | H44: 1
A45: 2.3 加1/减1 | B45: 4 | C45: INC A | D45: A+1→A | E45: 1 | F45: 1 | G45: ×××× | H45: 1
B46: 08~0F | C46: INC Rn | D46: Rn+1→Rn | E46: 1 | F46: 1 | G46: ×××× | H46: 8
B47: 05 dd | C47: INC direct | D47: (direct)+1→direct | E47: 2 | F47: 1 | G47: ×××× | H47: 1
B48: 06~07 | C48: INC @Ri | D48: (Ri)+1→(Ri) | E48: 1 | F48: 1 | G48: ×××× | H48: 2
B49: A3 | C49: INC DPTR | D49: DPTR+1→DPTR | E49: 1 | F49: 2 | G49: ×××× | H49: 1
B50: 14 | C50: DEC A | D50: A-1→A | E50: 1 | F50: 1 | G50: ×××× | H50: 1
B51: 18~1F | C51: DEC Rn | D51: Rn-1→Rn | E51: 1 | F51: 1 | G51: ×××× | H51: 8
B52: 15 dd | C52: DEC direct | D52: (direct)-1→direct | E52: 2 | F52: 1 | G52: ×××× | H52: 1
B53: 16~17 | C53: DEC @Ri | D53: (Ri)-1→(Ri) | E53: 1 | F53: 1 | G53: ×××× | H53: 2
A54: 2.4 乘除法 | B54: A4 | C54: MUL AB | D54: A×B→BA | E54: 1 | F54: 4 | G54: √×√× | H54: 1
B55: 84 | C55: DIV AB | D55: A÷B→A(商) B(余) | E55: 1 | F55: 4 | G55: √×√× | H55: 1
A56: 2.5 十进制调整 | B56: D4 | C56: DA A | D56: 十进制调整 | E56: 1 | F56: 1 | G56: √××√ | H56: 1
A57: 三、逻辑运算指令 (25条)
B58: 机器码 | C58: 汇编指令 | D58: 说明 | E58: 字节 | F58: 周期 | G58: 标志位
A59: 3.1 基本逻辑 | B59: 58~5F | C59: ANL A, Rn | D59: A∧Rn→A | E59: 1 | F59: 1 | G59: ×××× | H59: 8
B60: 55 dd | C60: ANL A, direct | D60: A∧(direct)→A | E60: 2 | F60: 1 | G60: ×××× | H60: 1
B61: 56~57 | C61: ANL A, @Ri | D61: A∧(Ri)→A | E61: 1 | F61: 1 | G61: ×××× | H61: 2
B62: 54 xx | C62: ANL A, #data | D62: A∧#data→A | E62: 2 | F62: 1 | G62: ×××× | H62: 1
B63: 48~4F | C63: ORL A, Rn | D63: A∨Rn→A | E63: 1 | F63: 1 | G63: ×××× | H63: 8
B64: 45 dd | C64: ORL A, direct | D64: A∨(direct)→A | E64: 2 | F64: 1 | G64: ×××× | H64: 1
B65: 46~47 | C65: ORL A, @Ri | D65: A∨(Ri)→A | E65: 1 | F65: 1 | G65: ×××× | H65: 2
B66: 44 xx | C66: ORL A, #data | D66: A∨#data→A | E66: 2 | F66: 1 | G66: ×××× | H66: 1
B67: 68~6F | C67: XRL A, Rn | D67: A⊕Rn→A | E67: 1 | F67: 1 | G67: ×××× | H67: 8
B68: 65 dd | C68: XRL A, direct | D68: A⊕(direct)→A | E68: 2 | F68: 1 | G68: ×××× | H68: 1
B69: 66~67 | C69: XRL A, @Ri | D69: A⊕(Ri)→A | E69: 1 | F69: 1 | G69: ×××× | H69: 2
B70: 64 xx | C70: XRL A, #data | D70: A⊕#data→A | E70: 2 | F70: 1 | G70: ×××× | H70: 1
A71: 3.2 累加器操作 | B71: E4 | C71: CLR A | D71: 0→A | E71: 1 | F71: 1 | G71: ×××× | H71: 1
B72: F4 | C72: CPL A | D72: /A→A | E72: 1 | F72: 1 | G72: ×××× | H72: 1
B73: 23 | C73: RL A | D73: 循环左移 | E73: 1 | F73: 1 | G73: ×××× | H73: 1
B74: 33 | C74: RLC A | D74: 带CY循环左移 | E74: 1 | F74: 1 | G74: √××× | H74: 1
B75: 3 | C75: RR A | D75: 循环右移 | E75: 1 | F75: 1 | G75: ×××× | H75: 1
B76: 13 | C76: RRC A | D76: 带CY循环右移 | E76: 1 | F76: 1 | G76: √××× | H76: 1
B77: C4 | C77: SWAP A | D77: A高4位与低4位交换 | E77: 1 | F77: 1 | G77: ×××× | H77: 1
A78: 3.3 直接地址逻辑运算 | B78: 52 dd xx | C78: ANL direct, #data | D78: (direct)∧#data→direct | E78: 3 | F78: 2 | H78: 1
B79: 42 dd xx | C79: ORL direct, #data | D79: (direct)∨#data→direct | E79: 3 | F79: 2 | H79: 1
B80: 62 dd xx | C80: XRL direct, #data | D80: (direct)⊕#data→direct | E80: 3 | F80: 2 | H80: 1
B81: B2 dd | C81: CPL bit | D81: 位取反 | E81: 2 | F81: 1 | H81: 1
A82: 四、控制转移指令 (17条)
B83: 机器码 | C83: 汇编指令 | D83: 说明 | E83: 字节 | F83: 周期 | H83: =SUM(H84:H102) -> 34
A84: 4.1 无条件转移 | B84: 02 xx xx | C84: LJMP addr16 | D84: addr16→PC | E84: 3 | F84: 2 | H84: 1
B85: 80 xx | C85: SJMP rel | D85: PC+rel→PC | E85: 2 | F85: 2 | H85: 1
B86: 73 | C86: JMP @A+DPTR | D86: (A+DPTR)→PC | E86: 1 | F86: 2 | H86: 1
B87: 12 xx xx | C87: LCALL addr16 | D87: 长调用 | E87: 3 | F87: 2 | H87: 1
B88: D8~DF xx | C88: DJNZ Rn, rel | D88: Rn-1≠0则转移 | E88: 2 | F88: 2 | H88: 8
A89: 4.2 条件转移 | B89: 60 xx | C89: JZ rel | D89: A=0转移 | E89: 2 | F89: 2 | H89: 1
B90: 70 xx | C90: JNZ rel | D90: A≠0转移 | E90: 2 | F90: 2 | H90: 1
B91: 40 xx | C91: JC rel | D91: CY=1转移 | E91: 2 | F91: 2 | H91: 1
B92: 50 xx | C92: JNC rel | D92: CY=0转移 | E92: 2 | F92: 2 | H92: 1
B93: 20 xx | C93: JB bit, rel | D93: bit=1转移 | E93: 3 | F93: 2 | H93: 1
B94: 30 xx | C94: JNB bit, rel | D94: bit=0转移 | E94: 3 | F94: 2 | H94: 1
B95: 10 xx | C95: JBC bit, rel | D95: bit=1转移并清0 | E95: 3 | F95: 2 | H95: 1
A96: 4.3 比较转移（STC特有扩展） | B96: B5 dd xx | C96: CJNE A, direct, rel | D96: 比较不相等转移 | E96: 3 | F96: 2 | H96: 1
B97: B4 xx xx | C97: CJNE A, #data, rel | D97: 比较不相等转移 | E97: 3 | F97: 2 | H97: 1
B98: B8~BF xx xx | C98: CJNE Rn, #data, rel | D98: 比较不相等转移 | E98: 3 | F98: 2 | H98: 8
B99: B6~B7 xx xx | C99: CJNE @Ri, #data, rel | D99: 比较不相等转移 | E99: 3 | F99: 2 | H99: 2
A100: 4.4 子程序返回 | B100: 22 | C100: RET | D100: 子程序返回 | E100: 1 | F100: 2 | H100: 1
...

Sheet STC90C52寄存器
A1: 地址范围 | B1: 类型 | C1: 说明
A2: 80H~FFH | B2: SFR空间 | C2: 特殊功能寄存器（可直接寻址）
A3: 00H~7FH | B3: 内部RAM | C3: 低128字节（含工作寄存器组）
A4: 80H~FFH | B4: 内部RAM | C4: 高128字节（间接寻址）
A5: 0000H~FFFFH | B5: 程序存储器 | C5: 8KB/12KB/16KB等（型号相关）
A7: 地址 | B7: 寄存器名 | C7: 复位值 | D7: 位定义（D7→D0） | L7: 功能说明
A8: 80H | B8: P0 | C8: FFH | D8: P0.7 | E8: P0.6 | F8: P0.5 | G8: P0.4 | H8: P0.3 | I8: P0.2 | J8: P0.1 | K8: P0.0 | L8: 端口0，开漏输出
A9: 81H | B9: SP | C9: 07H | D9: - | E9: - | F9: - | G9: - | H9: - | I9: - | J9: - | K9: - | L9: 堆栈指针（默认07H）
A10: 82H | B10: DPL | C10: 00H | D10: DPL[7:0] | L10: 数据指针低8位
A11: 83H | B11: DPH | C11: 00H | D11: DPH[7:0] | L11: 数据指针高8位
A12: 87H | B12: PCON | C12: 00H | D12: SMOD | E12: - | F12: - | G12: POF | H12: GF1 | I12: GF0 | J12: PD | K12: IDL | L12: 电源控制
A13: 88H | B13: TCON | C13: 00H | D13: TF1 | E13: TR1 | F13: TF0 | G13: TR0 | H13: IE1 | I13: IT1 | J13: IE0 | K13: IT0 | L13: 定时器控制
A14: 89H | B14: TMOD | C14: 00H | D14: GATE | E14: C/T | F14: M1 | G14: M0 | H14: GATE | I14: C/T | J14: M1 | K14: M0 | L14: 定时器模式
A15: 8AH | B15: TL0 | C15: 00H | D15: TL0[7:0] | L15: 定时器0低字节
A16: 8BH | B16: TL1 | C16: 00H | D16: TL1[7:0] | L16: 定时器1低字节
A17: 8CH | B17: TH0 | C17: 00H | D17: TH0[7:0] | L17: 定时器0高字节
A18: 8DH | B18: TH1 | C18: 00H | D18: TH1[7:0] | L18: 定时器1高字节
A19: 90H | B19: P1 | C19: FFH | D19: P1.7 | E19: P1.6 | F19: P1.5 | G19: P1.4 | H19: P1.3 | I19: P1.2 | J19: P1.1 | K19: P1.0 | L19: 端口1（准双向）
A20: 98H | B20: SCON | C20: 00H | D20: SM0 | E20: SM1 | F20: SM2 | G20: REN | H20: TB8 | I20: RB8 | J20: TI | K20: RI | L20: 串口控制
A21: 99H | B21: SBUF | C21: 不定 | D21: SBUF[7:0] | L21: 串口数据缓冲
A22: A0H | B22: P2 | C22: FFH | D22: P2.7 | E22: P2.6 | F22: P2.5 | G22: P2.4 | H22: P2.3 | I22: P2.2 | J22: P2.1 | K22: P2.0 | L22: 端口2（准双向）
A23: A8H | B23: IE | C23: 00H | D23: EA | E23: - | F23: ET2 | G23: ES | H23: ET1 | I23: EX1 | J23: ET0 | K23: EX0 | L23: 中断使能
A24: B0H | B24: P3 | C24: FFH | D24: P3.7 | E24: P3.6 | F24: P3.5 | G24: P3.4 | H24: P3.3 | I24: P3.2 | J24: P3.1 | K24: P3.0 | L24: 端口3（复用功能）
A25: B8H | B25: IP | C25: 00H | D25: - | E25: - | F25: PT2 | G25: PS | H25: PT1 | I25: PX1 | J25: PT0 | K25: PX0 | L25: 中断优先级
A26: D0H | B26: PSW | C26: 00H | D26: CY | E26: AC | F26: F0 | G26: RS1 | H26: RS0 | I26: OV | J26: - | K26: P | L26: 程序状态字
A27: E0H | B27: ACC | C27: 00H | D27: ACC[7:0] | L27: 累加器（隐含）
A28: F0H | B28: B | C28: 00H | D28: B[7:0] | L28: B寄存器
A31: TC90C52新增了多个SFR，地址在80H~FFH之间，必须用直接寻址方式访问：
A32: 地址 | B32: 寄存器名 | C32: 复位值 | D32: 主要功能
A33: 8EH | B33: AUXR | C33: 00H | D33: 辅助寄存器：
D34: • DISALE（ALE控制）
D35: • DISRTC（看门狗）
A36: 8FH | B36: AUXR1 | C36: 00H | D36: 辅助寄存器1：
D37: • DPS（DPTR选择）
A38: A2H | B38: AUXR2 | C38: 00H | D38: 辅助寄存器2
A39: A9H | B39: SADDR | C39: 00H | D39: 从机地址寄存器
A40: B7H | B40: IPH | C40: 00H | D40: 中断优先级高
A41: C8H | B41: WDT_CONTR | C41: 00H | D41: 看门狗控制
A42: D1H | B42: P4 | C42: FFH | D42: 端口4（扩展IO）
A43: D8H | B43: T2CON | C43: 00H | D43: 定时器2控制
A44: D9H | B44: T2MOD | C44: 00H | D44: 定时器2模式
A45: DAH | B45: RCAP2L | C45: 00H | D45: 定时器2重载低
A46: DBH | B46: RCAP2H | C46: 00H | D46: 定时器2重载高
A47: CCH | B47: TL2 | C47: 00H | D47: 定时器2低字节
A48: CDH | B48: TH2 | C48: 00H | D48: 定时器2高字节
A49: E8H | B49: P5 | C49: FFH | D49: 端口5（部分型号）
A50: F8H | B50: P6 | C50: FFH | D50: 端口6（部分型号）
A52: 3.1 程序状态字 PSW (D0H)
A53: text
A54: CY AC F0 RS1 RS0 OV - P
A55: D7 D6 D5 D4 D3 D2 D1 D0
A56: CY (D7)：进位/借位标志
A57: AC (D6)：辅助进位（BCD运算）
A58: F0 (D5)：用户标志位0
A59: RS1, RS0 (D4,D3)：工作寄存器组选择
A60: 00：组0 (00H~07H)
A61: 01：组1 (08H~0FH)
A62: 10：组2 (10H~17H)
A63: 11：组3 (18H~1FH)
... A127: 五、端口寄存器映射
A128: 端口 | B128: 地址 | C128: 引脚功能（第二功能）
A129: P0 | B129: 80H | C129: AD0~AD7（数据/地址总线）
A130: P1 | B130: 90H | C130: T2(P1.0), T2EX(P1.1)等
A131: P2 | B131: A0H | C131: A8~A15（地址高8位）
A132: P3 | B132: B0H | C132: 详见下表
A133: P4 | B133: D1H | C133: 扩展IO（部分型号）
A134: P3口第二功能表
A135: 引脚 | B135: 第二功能 | C135: 说明
A136: P3.0 | B136: RXD | C136: 串口接收
A137: P3.1 | B137: TXD | C137: 串口发送
A138: P3.2 | B138: INT0 | C138: 外部中断0
A139: P3.3 | B139: INT1 | C139: 外部中断1
A140: P3.4 | B140: T0 | C140: 定时器0输入
A141: P3.5 | B141: T1 | C141: 定时器1输入
A142: P3.6 | B142: WR | C142: 外部RAM写
A143: P3.7 | B143: RD | C143: 外部RAM读
A145: 六、位寻址区映射（20H~2FH）
A146: 内部RAM的20H~2FH共16字节（128位）支持位寻址：
A147: 字节地址 | B147: 位地址范围 | C147: 对应位
A148: 20H | B148: 00H~07H | C148: 20H.0 ~ 20H.7
A149: 21H | B149: 08H~0FH | C149: 21H.0 ~ 21H.7
A150: 22H | B150: 10H~17H | C150: 22H.0 ~ 22H.7
A151: 23H | B151: 18H~1FH | C151: 23H.0 ~ 23H.7
A152: 24H | B152: 20H~27H | C152: 24H.0 ~ 24H.7
A153: 25H | B153: 28H~2FH | C153: 25H.0 ~ 25H.7
A154: 26H | B154: 30H~37H | C154: 26H.0 ~ 26H.7
A155: 27H | B155: 38H~3FH | C155: 27H.0 ~ 27H.7
A156: 28H | B156: 40H~47H | C156: 28H.0 ~ 28H.7
A157: 29H | B157: 48H~4FH | C157: 29H.0 ~ 29H.7
A158: 2AH | B158: 50H~57H | C158: 2AH.0 ~ 2AH.7
... A163: 2FH | B163: 78H~7FH | C163: 2FH.0 ~ 2FH.7
A164: 示例：SETB 20H.0 等同于 SETB 00H
A166: 七、SFR位寻址区（80H~FFH）
A167: SFR中地址能被8整除的寄存器支持位寻址：
A168: SFR地址 | B168: 寄存器 | C168: 位地址范围
A169: 80H | B169: P0 | C169: 80H~87H
A170: 88H | B170: TCON | C170: 88H~8FH
A171: 90H | B171: P1 | C171: 90H~97H
A172: 98H | B172: SCON | C172: 98H~9FH
A173: A0H | B173: P2 | C173: A0H~A7H
...

Sheet 汇编状态表
A1: direct 表示直接寻址（00H-FFH），#data 表示立即数（00H-FFH），#data16 表示16位立即数（0000H-FFFFH） rel 表示相对地址（-128~127），addr11 表示11位地址（0000H-07FFH），addr16 表示16位地址（0000H-FFFFH）
E2: =COLUMN()-3 -> 2 | F2: =COLUMN()-3 -> 3 | G2: =COLUMN()-3 -> 4 | H2: =COLUMN()-3 -> 5 | I2: =COLUMN()-3 -> 6 | J2: =COLUMN()-3 -> 7 | K2: =COLUMN()-3 -> 8 | L2: =COLUMN()-3 -> 9 | ... AB2: =COLUMN()-3 -> 25
A3: 参数个数 | C3: 命令 | E3: A | F3: R0 | G3: R1 | H3: R2 | I3: R3 | J3: R4 | K3: R5 | L3: R6 | M3: R7 | N3: #data | O3: direct | P3: @R0 | Q3: @R1 | R3: DPTR | S3: #data16 | T3: @A+PC | U3: @A+DPTR | V3: @DPTR | W3: addr16 | X3: rel | Y3: bit | Z3: C | AA3: AB | AB3: /bit
A4: 0 | B4: =ROW()-4 -> 0 | C4: NOP | D4: =DEC2HEX(B4) -> 0 | E4: =_xlfn.IFNA(VLOOKUP($C4&","&E3,$C$69:$D$112,2,FALSE),"-1") -> -1 | F4: =_xlfn.IFNA(VLOOKUP($C4&","&F3,$C$69:$D$112,2,FALSE),"-1") -> -1 | G4: =_xlfn.IFNA(VLOOKUP($C4&","&G3,$C$69:$D$112,2,FALSE),"-1") -> -1 | H4: =_xlfn.IFNA(VLOOKUP($C4&","&H3,$C$69:$D$112,2,FALSE),"-1") -> -1 | I4: =_xlfn.IFNA(VLOOKUP($C4&","&I3,$C$69:$D$112,2,FALSE),"-1") -> -1 | J4: =_xlfn.IFNA(VLOOKUP($C4&","&J3,$C$69:$D$112,2,FALSE),"-1") -> -1 | K4: =_xlfn.IFNA(VLOOKUP($C4&","&K3,$C$69:$D$112,2,FALSE),"-1") -> -1 | L4: =_xlfn.IFNA(VLOOKUP($C4&","&L3,$C$69:$D$112,2,FALSE),"-1") -> -1 | ... AB4: =_xlfn.IFNA(VLOOKUP($C4&","&AB3,$C$69:$D$112,2,FALSE),"-1") -> -1 | AC4: 0
A5: 0 | B5: =ROW()-4 -> 1 | C5: RET | D5: =DEC2HEX(B5) -> 1 | E5: =_xlfn.IFNA(VLOOKUP($C5&","&E3,$C$69:$D$112,2,FALSE),"-1") -> -1 | F5: =_xlfn.IFNA(VLOOKUP($C5&","&F3,$C$69:$D$112,2,FALSE),"-1") -> -1 | G5: =_xlfn.IFNA(VLOOKUP($C5&","&G3,$C$69:$D$112,2,FALSE),"-1") -> -1 | H5: =_xlfn.IFNA(VLOOKUP($C5&","&H3,$C$69:$D$112,2,FALSE),"-1") -> -1 | I5: =_xlfn.IFNA(VLOOKUP($C5&","&I3,$C$69:$D$112,2,FALSE),"-1") -> -1 | J5: =_xlfn.IFNA(VLOOKUP($C5&","&J3,$C$69:$D$112,2,FALSE),"-1") -> -1 | K5: =_xlfn.IFNA(VLOOKUP($C5&","&K3,$C$69:$D$112,2,FALSE),"-1") -> -1 | L5: =_xlfn.IFNA(VLOOKUP($C5&","&L3,$C$69:$D$112,2,FALSE),"-1") -> -1 | ... AB5: =_xlfn.IFNA(VLOOKUP($C5&","&AB3,$C$69:$D$112,2,FALSE),"-1") -> -1 | AC5: 22
A6: 0 | B6: =ROW()-4 -> 2 | C6: RETI | D6: =DEC2HEX(B6) -> 2 | E6: =_xlfn.IFNA(VLOOKUP($C6&","&E3,$C$69:$D$112,2,FALSE),"-1") -> -1 | F6: =_xlfn.IFNA(VLOOKUP($C6&","&F3,$C$69:$D$112,2,FALSE),"-1") -> -1 | G6: =_xlfn.IFNA(VLOOKUP($C6&","&G3,$C$69:$D$112,2,FALSE),"-1") -> -1 | H6: =_xlfn.IFNA(VLOOKUP($C6&","&H3,$C$69:$D$112,2,FALSE),"-1") -> -1 | I6: =_xlfn.IFNA(VLOOKUP($C6&","&I3,$C$69:$D$112,2,FALSE),"-1") -> -1 | J6: =_xlfn.IFNA(VLOOKUP($C6&","&J3,$C$69:$D$112,2,FALSE),"-1") -> -1 | K6: =_xlfn.IFNA(VLOOKUP($C6&","&K3,$C$69:$D$112,2,FALSE),"-1") -> -1 | L6: =_xlfn.IFNA(VLOOKUP($C6&","&L3,$C$69:$D$112,2,FALSE),"-1") -> -1 | ... AB6: =_xlfn.IFNA(VLOOKUP($C6&","&AB3,$C$69:$D$112,2,FALSE),"-1") -> -1 | AC6: 32
A7: 2 | B7: =ROW()-4 -> 3 | C7: ADD | D7: =DEC2HEX(B7) -> 3 | E7: =_xlfn.IFNA(VLOOKUP($C7&","&E3,$C$34:$D$112,2,FALSE),"-1") -> 35 | F7: =_xlfn.IFNA(VLOOKUP($C7&","&F3,$C$34:$D$112,2,FALSE),"-1") -> -1 | G7: =_xlfn.IFNA(VLOOKUP($C7&","&G3,$C$34:$D$112,2,FALSE),"-1") -> -1 | H7: =_xlfn.IFNA(VLOOKUP($C7&","&H3,$C$34:$D$112,2,FALSE),"-1") -> -1 | I7: =_xlfn.IFNA(VLOOKUP($C7&","&I3,$C$34:$D$112,2,FALSE),"-1") -> -1 | J7: =_xlfn.IFNA(VLOOKUP($C7&","&J3,$C$34:$D$112,2,FALSE),"-1") -> -1 | K7: =_xlfn.IFNA(VLOOKUP($C7&","&K3,$C$34:$D$112,2,FALSE),"-1") -> -1 | L7: =_xlfn.IFNA(VLOOKUP($C7&","&L3,$C$34:$D$112,2,FALSE),"-1") -> -1 | ... AB7: =_xlfn.IFNA(VLOOKUP($C7&","&AB3,$C$34:$D$112,2,FALSE),"-1") -> -1
A8: 2 | B8: =ROW()-4 -> 4 | C8: ADDC | D8: =DEC2HEX(B8) -> 4 | E8: =_xlfn.IFNA(VLOOKUP($C8&","&E3,$C$34:$D$112,2,FALSE),"-1") -> 36 | F8: =_xlfn.IFNA(VLOOKUP($C8&","&F3,$C$34:$D$112,2,FALSE),"-1") -> -1 | G8: =_xlfn.IFNA(VLOOKUP($C8&","&G3,$C$34:$D$112,2,FALSE),"-1") -> -1 | H8: =_xlfn.IFNA(VLOOKUP($C8&","&H3,$C$34:$D$112,2,FALSE),"-1") -> -1 | I8: =_xlfn.IFNA(VLOOKUP($C8&","&I3,$C$34:$D$112,2,FALSE),"-1") -> -1 | J8: =_xlfn.IFNA(VLOOKUP($C8&","&J3,$C$34:$D$112,2,FALSE),"-1") -> -1 | K8: =_xlfn.IFNA(VLOOKUP($C8&","&K3,$C$34:$D$112,2,FALSE),"-1") -> -1 | L8: =_xlfn.IFNA(VLOOKUP($C8&","&L3,$C$34:$D$112,2,FALSE),"-1") -> -1 | ... AB8: =_xlfn.IFNA(VLOOKUP($C8&","&AB3,$C$34:$D$112,2,FALSE),"-1") -> -1
A9: 2 | B9: =ROW()-4 -> 5 | C9: ANL | D9: =DEC2HEX(B9) -> 5 | E9: =_xlfn.IFNA(VLOOKUP($C9&","&E3,$C$34:$D$112,2,FALSE),"-1") -> 37 | F9: =_xlfn.IFNA(VLOOKUP($C9&","&F3,$C$34:$D$112,2,FALSE),"-1") -> -1 | G9: =_xlfn.IFNA(VLOOKUP($C9&","&G3,$C$34:$D$112,2,FALSE),"-1") -> -1 | H9: =_xlfn.IFNA(VLOOKUP($C9&","&H3,$C$34:$D$112,2,FALSE),"-1") -> -1 | I9: =_xlfn.IFNA(VLOOKUP($C9&","&I3,$C$34:$D$112,2,FALSE),"-1") -> -1 | J9: =_xlfn.IFNA(VLOOKUP($C9&","&J3,$C$34:$D$112,2,FALSE),"-1") -> -1 | K9: =_xlfn.IFNA(VLOOKUP($C9&","&K3,$C$34:$D$112,2,FALSE),"-1") -> -1 | L9: =_xlfn.IFNA(VLOOKUP($C9&","&L3,$C$34:$D$112,2,FALSE),"-1") -> -1 | ... AB9: =_xlfn.IFNA(VLOOKUP($C9&","&AB3,$C$34:$D$112,2,FALSE),"-1") -> -1
A10: 2 | B10: =ROW()-4 -> 6 | C10: DJNZ | D10: =DEC2HEX(B10) -> 6 | E10: =_xlfn.IFNA(VLOOKUP($C10&","&E3,$C$34:$D$112,2,FALSE),"-1") -> -1 | F10: =_xlfn.IFNA(VLOOKUP($C10&","&F3,$C$34:$D$112,2,FALSE),"-1") -> 3A | G10: =_xlfn.IFNA(VLOOKUP($C10&","&G3,$C$34:$D$112,2,FALSE),"-1") -> 3B | H10: =_xlfn.IFNA(VLOOKUP($C10&","&H3,$C$34:$D$112,2,FALSE),"-1") -> 3C | I10: =_xlfn.IFNA(VLOOKUP($C10&","&I3,$C$34:$D$112,2,FALSE),"-1") -> 3D | J10: =_xlfn.IFNA(VLOOKUP($C10&","&J3,$C$34:$D$112,2,FALSE),"-1") -> 3E | K10: =_xlfn.IFNA(VLOOKUP($C10&","&K3,$C$34:$D$112,2,FALSE),"-1") -> 3F | L10: =_xlfn.IFNA(VLOOKUP($C10&","&L3,$C$34:$D$112,2,FALSE),"-1") -> 40 | ... AB10: =_xlfn.IFNA(VLOOKUP($C10&","&AB3,$C$34:$D$112,2,FALSE),"-1") -> -1
A11: 2 | B11: =ROW()-4 -> 7 | C11: JB | D11: =DEC2HEX(B11) -> 7 | E11: =_xlfn.IFNA(VLOOKUP($C11&","&E3,$C$34:$D$112,2,FALSE),"-1") -> -1 | F11: =_xlfn.IFNA(VLOOKUP($C11&","&F3,$C$34:$D$112,2,FALSE),"-1") -> -1 | G11: =_xlfn.IFNA(VLOOKUP($C11&","&G3,$C$34:$D$112,2,FALSE),"-1") -> -1 | H11: =_xlfn.IFNA(VLOOKUP($C11&","&H3,$C$34:$D$112,2,FALSE),"-1") -> -1 | I11: =_xlfn.IFNA(VLOOKUP($C11&","&I3,$C$34:$D$112,2,FALSE),"-1") -> -1 | J11: =_xlfn.IFNA(VLOOKUP($C11&","&J3,$C$34:$D$112,2,FALSE),"-1") -> -1 | K11: =_xlfn.IFNA(VLOOKUP($C11&","&K3,$C$34:$D$112,2,FALSE),"-1") -> -1 | L11: =_xlfn.IFNA(VLOOKUP($C11&","&L3,$C$34:$D$112,2,FALSE),"-1") -> -1 | ... AB11: =_xlfn.IFNA(VLOOKUP($C11&","&AB3,$C$34:$D$112,2,FALSE),"-1") -> -1
A12: 2 | B12: =ROW()-4 -> 8 | C12: JBC | D12: =DEC2HEX(B12) -> 8 | E12: =_xlfn.IFNA(VLOOKUP($C12&","&E3,$C$34:$D$112,2,FALSE),"-1") -> -1 | F12: =_xlfn.IFNA(VLOOKUP($C12&","&F3,$C$34:$D$112,2,FALSE),"-1") -> -1 | G12: =_xlfn.IFNA(VLOOKUP($C12&","&G3,$C$34:$D$112,2,FALSE),"-1") -> -1 | H12: =_xlfn.IFNA(VLOOKUP($C12&","&H3,$C$34:$D$112,2,FALSE),"-1") -> -1 | I12: =_xlfn.IFNA(VLOOKUP($C12&","&I3,$C$34:$D$112,2,FALSE),"-1") -> -1 | J12: =_xlfn.IFNA(VLOOKUP($C12&","&J3,$C$34:$D$112,2,FALSE),"-1") -> -1 | K12: =_xlfn.IFNA(VLOOKUP($C12&","&K3,$C$34:$D$112,2,FALSE),"-1") -> -1 | L12: =_xlfn.IFNA(VLOOKUP($C12&","&L3,$C$34:$D$112,2,FALSE),"-1") -> -1 | ... AB12: =_xlfn.IFNA(VLOOKUP($C12&","&AB3,$C$34:$D$112,2,FALSE),"-1") -> -1
A13: 2 | B13: =ROW()-4 -> 9 | C13: JNB | D13: =DEC2HEX(B13) -> 9 | E13: =_xlfn.IFNA(VLOOKUP($C13&","&E3,$C$34:$D$112,2,FALSE),"-1") -> -1 | F13: =_xlfn.IFNA(VLOOKUP($C13&","&F3,$C$34:$D$112,2,FALSE),"-1") -> -1 | G13: =_xlfn.IFNA(VLOOKUP($C13&","&G3,$C$34:$D$112,2,FALSE),"-1") -> -1 | H13: =_xlfn.IFNA(VLOOKUP($C13&","&H3,$C$34:$D$112,2,FALSE),"-1") -> -1 | I13: =_xlfn.IFNA(VLOOKUP($C13&","&I3,$C$34:$D$112,2,FALSE),"-1") -> -1 | J13: =_xlfn.IFNA(VLOOKUP($C13&","&J3,$C$34:$D$112,2,FALSE),"-1") -> -1 | K13: =_xlfn.IFNA(VLOOKUP($C13&","&K3,$C$34:$D$112,2,FALSE),"-1") -> -1 | L13: =_xlfn.IFNA(VLOOKUP($C13&","&L3,$C$34:$D$112,2,FALSE),"-1") -> -1 | ... AB13: =_xlfn.IFNA(VLOOKUP($C13&","&AB3,$C$34:$D$112,2,FALSE),"-1") -> -1
A14: 2 | B14: =ROW()-4 -> 10 | C14: MOV | D14: =DEC2HEX(B14) -> A | E14: =_xlfn.IFNA(VLOOKUP($C14&","&E3,$C$34:$D$112,2,FALSE),"-1") -> 47 | F14: =_xlfn.IFNA(VLOOKUP($C14&","&F3,$C$34:$D$112,2,FALSE),"-1") -> 4C | G14: =_xlfn.IFNA(VLOOKUP($C14&","&G3,$C$34:$D$112,2,FALSE),"-1") -> 4D | H14: =_xlfn.IFNA(VLOOKUP($C14&","&H3,$C$34:$D$112,2,FALSE),"-1") -> 4E | I14: =_xlfn.IFNA(VLOOKUP($C14&","&I3,$C$34:$D$112,2,FALSE),"-1") -> 4F | J14: =_xlfn.IFNA(VLOOKUP($C14&","&J3,$C$34:$D$112,2,FALSE),"-1") -> 50 | K14: =_xlfn.IFNA(VLOOKUP($C14&","&K3,$C$34:$D$112,2,FALSE),"-1") -> 51 | L14: =_xlfn.IFNA(VLOOKUP($C14&","&L3,$C$34:$D$112,2,FALSE),"-1") -> 52 | ... AB14: =_xlfn.IFNA(VLOOKUP($C14&","&AB3,$C$34:$D$112,2,FALSE),"-1") -> -1
A15: 2 | B15: =ROW()-4 -> 11 | C15: MOVC | D15: =DEC2HEX(B15) -> B | E15: =_xlfn.IFNA(VLOOKUP($C15&","&E3,$C$34:$D$112,2,FALSE),"-1") -> 54 | F15: =_xlfn.IFNA(VLOOKUP($C15&","&F3,$C$34:$D$112,2,FALSE),"-1") -> -1 | G15: =_xlfn.IFNA(VLOOKUP($C15&","&G3,$C$34:$D$112,2,FALSE),"-1") -> -1 | H15: =_xlfn.IFNA(VLOOKUP($C15&","&H3,$C$34:$D$112,2,FALSE),"-1") -> -1 | I15: =_xlfn.IFNA(VLOOKUP($C15&","&I3,$C$34:$D$112,2,FALSE),"-1") -> -1 | J15: =_xlfn.IFNA(VLOOKUP($C15&","&J3,$C$34:$D$112,2,FALSE),"-1") -> -1 | K15: =_xlfn.IFNA(VLOOKUP($C15&","&K3,$C$34:$D$112,2,FALSE),"-1") -> -1 | L15: =_xlfn.IFNA(VLOOKUP($C15&","&L3,$C$34:$D$112,2,FALSE),"-1") -> -1 | ... AB15: =_xlfn.IFNA(VLOOKUP($C15&","&AB3,$C$34:$D$112,2,FALSE),"-1") -> -1
A16: 2 | B16: =ROW()-4 -> 12 | C16: MOVX | D16: =DEC2HEX(B16) -> C | E16: =_xlfn.IFNA(VLOOKUP($C16&","&E3,$C$34:$D$112,2,FALSE),"-1") -> 58 | F16: =_xlfn.IFNA(VLOOKUP($C16&","&F3,$C$34:$D$112,2,FALSE),"-1") -> -1 | G16: =_xlfn.IFNA(VLOOKUP($C16&","&G3,$C$34:$D$112,2,FALSE),"-1") -> -1 | H16: =_xlfn.IFNA(VLOOKUP($C16&","&H3,$C$34:$D$112,2,FALSE),"-1") -> -1 | I16: =_xlfn.IFNA(VLOOKUP($C16&","&I3,$C$34:$D$112,2,FALSE),"-1") -> -1 | J16: =_xlfn.IFNA(VLOOKUP($C16&","&J3,$C$34:$D$112,2,FALSE),"-1") -> -1 | K16: =_xlfn.IFNA(VLOOKUP($C16&","&K3,$C$34:$D$112,2,FALSE),"-1") -> -1 | L16: =_xlfn.IFNA(VLOOKUP($C16&","&L3,$C$34:$D$112,2,FALSE),"-1") -> -1 | ... AB16: =_xlfn.IFNA(VLOOKUP($C16&","&AB3,$C$34:$D$112,2,FALSE),"-1") -> -1
A17: 2 | B17: =ROW()-4 -> 13 | C17: ORL | D17: =DEC2HEX(B17) -> D | E17: =_xlfn.IFNA(VLOOKUP($C17&","&E3,$C$34:$D$112,2,FALSE),"-1") -> 59 | F17: =_xlfn.IFNA(VLOOKUP($C17&","&F3,$C$34:$D$112,2,FALSE),"-1") -> -1 | G17: =_xlfn.IFNA(VLOOKUP($C17&","&G3,$C$34:$D$112,2,FALSE),"-1") -> -1 | H17: =_xlfn.IFNA(VLOOKUP($C17&","&H3,$C$34:$D$112,2,FALSE),"-1") -> -1 | I17: =_xlfn.IFNA(VLOOKUP($C17&","&I3,$C$34:$D$112,2,FALSE),"-1") -> -1 | J17: =_xlfn.IFNA(VLOOKUP($C17&","&J3,$C$34:$D$112,2,FALSE),"-1") -> -1 | K17: =_xlfn.IFNA(VLOOKUP($C17&","&K3,$C$34:$D$112,2,FALSE),"-1") -> -1 | L17: =_xlfn.IFNA(VLOOKUP($C17&","&L3,$C$34:$D$112,2,FALSE),"-1") -> -1 | ... AB17: =_xlfn.IFNA(VLOOKUP($C17&","&AB3,$C$34:$D$112,2,FALSE),"-1") -> -1
A18: 2 | B18: =ROW()-4 -> 14 | C18: SUBB | D18: =DEC2HEX(B18) -> E | E18: =_xlfn.IFNA(VLOOKUP($C18&","&E3,$C$34:$D$112,2,FALSE),"-1") -> 5C | F18: =_xlfn.IFNA(VLOOKUP($C18&","&F3,$C$34:$D$112,2,FALSE),"-1") -> -1 | G18: =_xlfn.IFNA(VLOOKUP($C18&","&G3,$C$34:$D$112,2,FALSE),"-1") -> -1 | H18: =_xlfn.IFNA(VLOOKUP($C18&","&H3,$C$34:$D$112,2,FALSE),"-1") -> -1 | I18: =_xlfn.IFNA(VLOOKUP($C18&","&I3,$C$34:$D$112,2,FALSE),"-1") -> -1 | J18: =_xlfn.IFNA(VLOOKUP($C18&","&J3,$C$34:$D$112,2,FALSE),"-1") -> -1 | K18: =_xlfn.IFNA(VLOOKUP($C18&","&K3,$C$34:$D$112,2,FALSE),"-1") -> -1 | L18: =_xlfn.IFNA(VLOOKUP($C18&","&L3,$C$34:$D$112,2,FALSE),"-1") -> -1 | ... AB18: =_xlfn.IFNA(VLOOKUP($C18&","&AB3,$C$34:$D$112,2,FALSE),"-1") -> -1
A19: 2 | B19: =ROW()-4 -> 15 | C19: XCH | D19: =DEC2HEX(B19) -> F | E19: =_xlfn.IFNA(VLOOKUP($C19&","&E3,$C$34:$D$112,2,FALSE),"-1") -> 5D | F19: =_xlfn.IFNA(VLOOKUP($C19&","&F3,$C$34:$D$112,2,FALSE),"-1") -> -1 | G19: =_xlfn.IFNA(VLOOKUP($C19&","&G3,$C$34:$D$112,2,FALSE),"-1") -> -1 | H19: =_xlfn.IFNA(VLOOKUP($C19&","&H3,$C$34:$D$112,2,FALSE),"-1") -> -1 | I19: =_xlfn.IFNA(VLOOKUP($C19&","&I3,$C$34:$D$112,2,FALSE),"-1") -> -1 | J19: =_xlfn.IFNA(VLOOKUP($C19&","&J3,$C$34:$D$112,2,FALSE),"-1") -> -1 | K19: =_xlfn.IFNA(VLOOKUP($C19&","&K3,$C$34:$D$112,2,FALSE),"-1") -> -1 | L19: =_xlfn.IFNA(VLOOKUP($C19&","&L3,$C$34:$D$112,2,FALSE),"-1") -> -1 | ... AB19: =_xlfn.IFNA(VLOOKUP($C19&","&AB3,$C$34:$D$112,2,FALSE),"-1") -> -1
A20: 2 | B20: =ROW()-4 -> 16 | C20: XCHD | D20: =DEC2HEX(B20) -> 10 | E20: =_xlfn.IFNA(VLOOKUP($C20&","&E3,$C$34:$D$112,2,FALSE),"-1") -> 5E | F20: =_xlfn.IFNA(VLOOKUP($C20&","&F3,$C$34:$D$112,2,FALSE),"-1") -> -1 | G20: =_xlfn.IFNA(VLOOKUP($C20&","&G3,$C$34:$D$112,2,FALSE),"-1") -> -1 | H20: =_xlfn.IFNA(VLOOKUP($C20&","&H3,$C$34:$D$112,2,FALSE),"-1") -> -1 | I20: =_xlfn.IFNA(VLOOKUP($C20&","&I3,$C$34:$D$112,2,FALSE),"-1") -> -1 | J20: =_xlfn.IFNA(VLOOKUP($C20&","&J3,$C$34:$D$112,2,FALSE),"-1") -> -1 | K20: =_xlfn.IFNA(VLOOKUP($C20&","&K3,$C$34:$D$112,2,FALSE),"-1") -> -1 | L20: =_xlfn.IFNA(VLOOKUP($C20&","&L3,$C$34:$D$112,2,FALSE),"-1") -> -1 | ... AB20: =_xlfn.IFNA(VLOOKUP($C20&","&AB3,$C$34:$D$112,2,FALSE),"-1") -> -1
A21: 2 | B21: =ROW()-4 -> 17 | C21: XRL | D21: =DEC2HEX(B21) -> 11 | E21: =_xlfn.IFNA(VLOOKUP($C21&","&E3,$C$34:$D$112,2,FALSE),"-1") -> 5F | F21: =_xlfn.IFNA(VLOOKUP($C21&","&F3,$C$34:$D$112,2,FALSE),"-1") -> -1 | G21: =_xlfn.IFNA(VLOOKUP($C21&","&G3,$C$34:$D$112,2,FALSE),"-1") -> -1 | H21: =_xlfn.IFNA(VLOOKUP($C21&","&H3,$C$34:$D$112,2,FALSE),"-1") -> -1 | I21: =_xlfn.IFNA(VLOOKUP($C21&","&I3,$C$34:$D$112,2,FALSE),"-1") -> -1 | J21: =_xlfn.IFNA(VLOOKUP($C21&","&J3,$C$34:$D$112,2,FALSE),"-1") -> -1 | K21: =_xlfn.IFNA(VLOOKUP($C21&","&K3,$C$34:$D$112,2,FALSE),"-1") -> -1 | L21: =_xlfn.IFNA(VLOOKUP($C21&","&L3,$C$34:$D$112,2,FALSE),"-1") -> -1 | ... AB21: =_xlfn.IFNA(VLOOKUP($C21&","&AB3,$C$34:$D$112,2,FALSE),"-1") -> -1
A22: 3 | B22: =ROW()-4 -> 18 | C22: CJNE | D22: =DEC2HEX(B22) -> 12 | E22: =_xlfn.IFNA(VLOOKUP($C22&","&E3,$C$23:$D$112,2,FALSE),"-1") -> 15 | F22: =_xlfn.IFNA(VLOOKUP($C22&","&F3,$C$23:$D$112,2,FALSE),"-1") -> 16 | G22: =_xlfn.IFNA(VLOOKUP($C22&","&G3,$C$23:$D$112,2,FALSE),"-1") -> 17 | H22: =_xlfn.IFNA(VLOOKUP($C22&","&H3,$C$23:$D$112,2,FALSE),"-1") -> 18 | I22: =_xlfn.IFNA(VLOOKUP($C22&","&I3,$C$23:$D$112,2,FALSE),"-1") -> 19 | J22: =_xlfn.IFNA(VLOOKUP($C22&","&J3,$C$23:$D$112,2,FALSE),"-1") -> 1A | K22: =_xlfn.IFNA(VLOOKUP($C22&","&K3,$C$23:$D$112,2,FALSE),"-1") -> 1B | L22: =_xlfn.IFNA(VLOOKUP($C22&","&L3,$C$23:$D$112,2,FALSE),"-1") -> 1C | ... AB22: =_xlfn.IFNA(VLOOKUP($C22&","&AB3,$C$23:$D$112,2,FALSE),"-1") -> -1
A23: 3 | B23: =ROW()-4 -> 19 | C23: CJNE,@R0 | D23: =DEC2HEX(B23) -> 13 | E23: =_xlfn.IFNA(VLOOKUP($C23&","&E3,$C$34:$D$112,2,FALSE),"-1") -> -1 | F23: =_xlfn.IFNA(VLOOKUP($C23&","&F3,$C$34:$D$112,2,FALSE),"-1") -> -1 | G23: =_xlfn.IFNA(VLOOKUP($C23&","&G3,$C$34:$D$112,2,FALSE),"-1") -> -1 | H23: =_xlfn.IFNA(VLOOKUP($C23&","&H3,$C$34:$D$112,2,FALSE),"-1") -> -1 | I23: =_xlfn.IFNA(VLOOKUP($C23&","&I3,$C$34:$D$112,2,FALSE),"-1") -> -1 | J23: =_xlfn.IFNA(VLOOKUP($C23&","&J3,$C$34:$D$112,2,FALSE),"-1") -> -1 | K23: =_xlfn.IFNA(VLOOKUP($C23&","&K3,$C$34:$D$112,2,FALSE),"-1") -> -1 | L23: =_xlfn.IFNA(VLOOKUP($C23&","&L3,$C$34:$D$112,2,FALSE),"-1") -> -1 | ... AB23: =_xlfn.IFNA(VLOOKUP($C23&","&AB3,$C$34:$D$112,2,FALSE),"-1") -> -1
A24: 3 | B24: =ROW()-4 -> 20 | C24: CJNE,@R1 | D24: =DEC2HEX(B24) -> 14 | E24: =_xlfn.IFNA(VLOOKUP($C24&","&E3,$C$34:$D$112,2,FALSE),"-1") -> -1 | F24: =_xlfn.IFNA(VLOOKUP($C24&","&F3,$C$34:$D$112,2,FALSE),"-1") -> -1 | G24: =_xlfn.IFNA(VLOOKUP($C24&","&G3,$C$34:$D$112,2,FALSE),"-1") -> -1 | H24: =_xlfn.IFNA(VLOOKUP($C24&","&H3,$C$34:$D$112,2,FALSE),"-1") -> -1 | I24: =_xlfn.IFNA(VLOOKUP($C24&","&I3,$C$34:$D$112,2,FALSE),"-1") -> -1 | J24: =_xlfn.IFNA(VLOOKUP($C24&","&J3,$C$34:$D$112,2,FALSE),"-1") -> -1 | K24: =_xlfn.IFNA(VLOOKUP($C24&","&K3,$C$34:$D$112,2,FALSE),"-1") -> -1 | L24: =_xlfn.IFNA(VLOOKUP($C24&","&L3,$C$34:$D$112,2,FALSE),"-1") -> -1 | ... AB24: =_xlfn.IFNA(VLOOKUP($C24&","&AB3,$C$34:$D$112,2,FALSE),"-1") -> -1
A25: 3 | B25: =ROW()-4 -> 21 | C25: CJNE,A | D25: =DEC2HEX(B25) -> 15 | E25: =_xlfn.IFNA(VLOOKUP($C25&","&E3,$C$34:$D$112,2,FALSE),"-1") -> -1 | F25: =_xlfn.IFNA(VLOOKUP($C25&","&F3,$C$34:$D$112,2,FALSE),"-1") -> -1 | G25: =_xlfn.IFNA(VLOOKUP($C25&","&G3,$C$34:$D$112,2,FALSE),"-1") -> -1 | H25: =_xlfn.IFNA(VLOOKUP($C25&","&H3,$C$34:$D$112,2,FALSE),"-1") -> -1 | I25: =_xlfn.IFNA(VLOOKUP($C25&","&I3,$C$34:$D$112,2,FALSE),"-1") -> -1 | J25: =_xlfn.IFNA(VLOOKUP($C25&","&J3,$C$34:$D$112,2,FALSE),"-1") -> -1 | K25: =_xlfn.IFNA(VLOOKUP($C25&","&K3,$C$34:$D$112,2,FALSE),"-1") -> -1 | L25: =_xlfn.IFNA(VLOOKUP($C25&","&L3,$C$34:$D$112,2,FALSE),"-1") -> -1 | ... AB25: =_xlfn.IFNA(VLOOKUP($C25&","&AB3,$C$34:$D$112,2,FALSE),"-1") -> -1
A26: 3 | B26: =ROW()-4 -> 22 | C26: CJNE,R0 | D26: =DEC2HEX(B26) -> 16 | E26: =_xlfn.IFNA(VLOOKUP($C26&","&E3,$C$34:$D$112,2,FALSE),"-1") -> -1 | F26: =_xlfn.IFNA(VLOOKUP($C26&","&F3,$C$34:$D$112,2,FALSE),"-1") -> -1 | G26: =_xlfn.IFNA(VLOOKUP($C26&","&G3,$C$34:$D$112,2,FALSE),"-1") -> -1 | H26: =_xlfn.IFNA(VLOOKUP($C26&","&H3,$C$34:$D$112,2,FALSE),"-1") -> -1 | I26: =_xlfn.IFNA(VLOOKUP($C26&","&I3,$C$34:$D$112,2,FALSE),"-1") -> -1 | J26: =_xlfn.IFNA(VLOOKUP($C26&","&J3,$C$34:$D$112,2,FALSE),"-1") -> -1 | K26: =_xlfn.IFNA(VLOOKUP($C26&","&K3,$C$34:$D$112,2,FALSE),"-1") -> -1 | L26: =_xlfn.IFNA(VLOOKUP($C26&","&L3,$C$34:$D$112,2,FALSE),"-1") -> -1 | ... AB26: =_xlfn.IFNA(VLOOKUP($C26&","&AB3,$C$34:$D$112,2,FALSE),"-1") -> -1
A27: 3 | B27: =ROW()-4 -> 23 | C27: CJNE,R1 | D27: =DEC2HEX(B27) -> 17 | E27: =_xlfn.IFNA(VLOOKUP($C27&","&E3,$C$34:$D$112,2,FALSE),"-1") -> -1 | F27: =_xlfn.IFNA(VLOOKUP($C27&","&F3,$C$34:$D$112,2,FALSE),"-1") -> -1 | G27: =_xlfn.IFNA(VLOOKUP($C27&","&G3,$C$34:$D$112,2,FALSE),"-1") -> -1 | H27: =_xlfn.IFNA(VLOOKUP($C27&","&H3,$C$34:$D$112,2,FALSE),"-1") -> -1 | I27: =_xlfn.IFNA(VLOOKUP($C27&","&I3,$C$34:$D$112,2,FALSE),"-1") -> -1 | J27: =_xlfn.IFNA(VLOOKUP($C27&","&J3,$C$34:$D$112,2,FALSE),"-1") -> -1 | K27: =_xlfn.IFNA(VLOOKUP($C27&","&K3,$C$34:$D$112,2,FALSE),"-1") -> -1 | L27: =_xlfn.IFNA(VLOOKUP($C27&","&L3,$C$34:$D$112,2,FALSE),"-1") -> -1 | ... AB27: =_xlfn.IFNA(VLOOKUP($C27&","&AB3,$C$34:$D$112,2,FALSE),"-1") -> -1
A28: 3 | B28: =ROW()-4 -> 24 | C28: CJNE,R2 | D28: =DEC2HEX(B28) -> 18 | E28: =_xlfn.IFNA(VLOOKUP($C28&","&E3,$C$34:$D$112,2,FALSE),"-1") -> -1 | F28: =_xlfn.IFNA(VLOOKUP($C28&","&F3,$C$34:$D$112,2,FALSE),"-1") -> -1 | G28: =_xlfn.IFNA(VLOOKUP($C28&","&G3,$C$34:$D$112,2,FALSE),"-1") -> -1 | H28: =_xlfn.IFNA(VLOOKUP($C28&","&H3,$C$34:$D$112,2,FALSE),"-1") -> -1 | I28: =_xlfn.IFNA(VLOOKUP($C28&","&I3,$C$34:$D$112,2,FALSE),"-1") -> -1 | J28: =_xlfn.IFNA(VLOOKUP($C28&","&J3,$C$34:$D$112,2,FALSE),"-1") -> -1 | K28: =_xlfn.IFNA(VLOOKUP($C28&","&K3,$C$34:$D$112,2,FALSE),"-1") -> -1 | L28: =_xlfn.IFNA(VLOOKUP($C28&","&L3,$C$34:$D$112,2,FALSE),"-1") -> -1 | ... AB28: =_xlfn.IFNA(VLOOKUP($C28&","&AB3,$C$34:$D$112,2,FALSE),"-1") -> -1
A29: 3 | B29: =ROW()-4 -> 25 | C29: CJNE,R3 | D29: =DEC2HEX(B29) -> 19 | E29: =_xlfn.IFNA(VLOOKUP($C29&","&E3,$C$34:$D$112,2,FALSE),"-1") -> -1 | F29: =_xlfn.IFNA(VLOOKUP($C29&","&F3,$C$34:$D$112,2,FALSE),"-1") -> -1 | G29: =_xlfn.IFNA(VLOOKUP($C29&","&G3,$C$34:$D$112,2,FALSE),"-1") -> -1 | H29: =_xlfn.IFNA(VLOOKUP($C29&","&H3,$C$34:$D$112,2,FALSE),"-1") -> -1 | I29: =_xlfn.IFNA(VLOOKUP($C29&","&I3,$C$34:$D$112,2,FALSE),"-1") -> -1 | J29: =_xlfn.IFNA(VLOOKUP($C29&","&J3,$C$34:$D$112,2,FALSE),"-1") -> -1 | K29: =_xlfn.IFNA(VLOOKUP($C29&","&K3,$C$34:$D$112,2,FALSE),"-1") -> -1 | L29: =_xlfn.IFNA(VLOOKUP($C29&","&L3,$C$34:$D$112,2,FALSE),"-1") -> -1 | ... AB29: =_xlfn.IFNA(VLOOKUP($C29&","&AB3,$C$34:$D$112,2,FALSE),"-1") -> -1
A30: 3 | B30: =ROW()-4 -> 26 | C30: CJNE,R4 | D30: =DEC2HEX(B30) -> 1A | E30: =_xlfn.IFNA(VLOOKUP($C30&","&E3,$C$34:$D$112,2,FALSE),"-1") -> -1 | F30: =_xlfn.IFNA(VLOOKUP($C30&","&F3,$C$34:$D$112,2,FALSE),"-1") -> -1 | G30: =_xlfn.IFNA(VLOOKUP($C30&","&G3,$C$34:$D$112,2,FALSE),"-1") -> -1 | H30: =_xlfn.IFNA(VLOOKUP($C30&","&H3,$C$34:$D$112,2,FALSE),"-1") -> -1 | I30: =_xlfn.IFNA(VLOOKUP($C30&","&I3,$C$34:$D$112,2,FALSE),"-1") -> -1 | J30: =_xlfn.IFNA(VLOOKUP($C30&","&J3,$C$34:$D$112,2,FALSE),"-1") -> -1 | K30: =_xlfn.IFNA(VLOOKUP($C30&","&K3,$C$34:$D$112,2,FALSE),"-1") -> -1 | L30: =_xlfn.IFNA(VLOOKUP($C30&","&L3,$C$34:$D$112,2,FALSE),"-1") -> -1 | ... AB30: =_xlfn.IFNA(VLOOKUP($C30&","&AB3,$C$34:$D$112,2,FALSE),"-1") -> -1
A31: 3 | B31: =ROW()-4 -> 27 | C31: CJNE,R5 | D31: =DEC2HEX(B31) -> 1B | E31: =_xlfn.IFNA(VLOOKUP($C31&","&E3,$C$34:$D$112,2,FALSE),"-1") -> -1 | F31: =_xlfn.IFNA(VLOOKUP($C31&","&F3,$C$34:$D$112,2,FALSE),"-1") -> -1 | G31: =_xlfn.IFNA(VLOOKUP($C31&","&G3,$C$34:$D$112,2,FALSE),"-1") -> -1 | H31: =_xlfn.IFNA(VLOOKUP($C31&","&H3,$C$34:$D$112,2,FALSE),"-1") -> -1 | I31: =_xlfn.IFNA(VLOOKUP($C31&","&I3,$C$34:$D$112,2,FALSE),"-1") -> -1 | J31: =_xlfn.IFNA(VLOOKUP($C31&","&J3,$C$34:$D$112,2,FALSE),"-1") -> -1 | K31: =_xlfn.IFNA(VLOOKUP($C31&","&K3,$C$34:$D$112,2,FALSE),"-1") -> -1 | L31: =_xlfn.IFNA(VLOOKUP($C31&","&L3,$C$34:$D$112,2,FALSE),"-1") -> -1 | ... AB31: =_xlfn.IFNA(VLOOKUP($C31&","&AB3,$C$34:$D$112,2,FALSE),"-1") -> -1
A32: 3 | B32: =ROW()-4 -> 28 | C32: CJNE,R6 | D32: =DEC2HEX(B32) -> 1C | E32: =_xlfn.IFNA(VLOOKUP($C32&","&E3,$C$34:$D$112,2,FALSE),"-1") -> -1 | F32: =_xlfn.IFNA(VLOOKUP($C32&","&F3,$C$34:$D$112,2,FALSE),"-1") -> -1 | G32: =_xlfn.IFNA(VLOOKUP($C32&","&G3,$C$34:$D$112,2,FALSE),"-1") -> -1 | H32: =_xlfn.IFNA(VLOOKUP($C32&","&H3,$C$34:$D$112,2,FALSE),"-1") -> -1 | I32: =_xlfn.IFNA(VLOOKUP($C32&","&I3,$C$34:$D$112,2,FALSE),"-1") -> -1 | J32: =_xlfn.IFNA(VLOOKUP($C32&","&J3,$C$34:$D$112,2,FALSE),"-1") -> -1 | K32: =_xlfn.IFNA(VLOOKUP($C32&","&K3,$C$34:$D$112,2,FALSE),"-1") -> -1 | L32: =_xlfn.IFNA(VLOOKUP($C32&","&L3,$C$34:$D$112,2,FALSE),"-1") -> -1 | ... AB32: =_xlfn.IFNA(VLOOKUP($C32&","&AB3,$C$34:$D$112,2,FALSE),"-1") -> -1
A33: 3 | B33: =ROW()-4 -> 29 | C33: CJNE,R7 | D33: =DEC2HEX(B33) -> 1D | E33: =_xlfn.IFNA(VLOOKUP($C33&","&E3,$C$34:$D$112,2,FALSE),"-1") -> -1 | F33: =_xlfn.IFNA(VLOOKUP($C33&","&F3,$C$34:$D$112,2,FALSE),"-1") -> -1 | G33: =_xlfn.IFNA(VLOOKUP($C33&","&G3,$C$34:$D$112,2,FALSE),"-1") -> -1 | H33: =_xlfn.IFNA(VLOOKUP($C33&","&H3,$C$34:$D$112,2,FALSE),"-1") -> -1 | I33: =_xlfn.IFNA(VLOOKUP($C33&","&I3,$C$34:$D$112,2,FALSE),"-1") -> -1 | J33: =_xlfn.IFNA(VLOOKUP($C33&","&J3,$C$34:$D$112,2,FALSE),"-1") -> -1 | K33: =_xlfn.IFNA(VLOOKUP($C33&","&K3,$C$34:$D$112,2,FALSE),"-1") -> -1 | L33: =_xlfn.IFNA(VLOOKUP($C33&","&L3,$C$34:$D$112,2,FALSE),"-1") -> -1 | ... AB33: =_xlfn.IFNA(VLOOKUP($C33&","&AB3,$C$34:$D$112,2,FALSE),"-1") -> -1
A34: 1 | B34: =ROW()-4 -> 30 | C34: CLR | D34: =DEC2HEX(B34) -> 1E | E34: =_xlfn.IFNA(VLOOKUP($C34&","&E3,汇编指令!$C$2:$D$235,2,FALSE),"-1") -> E4 | F34: =_xlfn.IFNA(VLOOKUP($C34&","&F3,汇编指令!$C$2:$D$235,2,FALSE),"-1") -> -1 | G34: =_xlfn.IFNA(VLOOKUP($C34&","&G3,汇编指令!$C$2:$D$235,2,FALSE),"-1") -> -1 | H34: =_xlfn.IFNA(VLOOKUP($C34&","&H3,汇编指令!$C$2:$D$235,2,FALSE),"-1") -> -1 | I34: =_xlfn.IFNA(VLOOKUP($C34&","&I3,汇编指令!$C$2:$D$235,2,FALSE),"-1") -> -1 | J34: =_xlfn.IFNA(VLOOKUP($C34&","&J3,汇编指令!$C$2:$D$235,2,FALSE),"-1") -> -1 | K34: =_xlfn.IFNA(VLOOKUP($C34&","&K3,汇编指令!$C$2:$D$235,2,FALSE),"-1") -> -1 | L34: =_xlfn.IFNA(VLOOKUP($C34&","&L3,汇编指令!$C$2:$D$235,2,FALSE),"-1") -> -1 | ... AB34: =_xlfn.IFNA(VLOOKUP($C34&","&AB3,汇编指令!$C$2:$D$235,2,FALSE),"-1") -> -1
A35: 1 | B35: =ROW()-4 -> 31 | C35: CPL | D35: =DEC2HEX(B35) -> 1F | E35: =_xlfn.IFNA(VLOOKUP($C35&","&E3,汇编指令!$C$2:$D$235,2,FALSE),"-1") -> F4 | F35: =_xlfn.IFNA(VLOOKUP($C35&","&F3,汇编指令!$C$2:$D$235,2,FALSE),"-1") -> -1 | G35: =_xlfn.IFNA(VLOOKUP($C35&","&G3,汇编指令!$C$2:$D$235,2,FALSE),"-1") -> -1 | H35: =_xlfn.IFNA(VLOOKUP($C35&","&H3,汇编指令!$C$2:$D$235,2,FALSE),"-1") -> -1 | I35: =_xlfn.IFNA(VLOOKUP($C35&","&I3,汇编指令!$C$2:$D$235,2,FALSE),"-1") -> -1 | J35: =_xlfn.IFNA(VLOOKUP($C35&","&J3,汇编指令!$C$2:$D$235,2,FALSE),"-1") -> -1 | K35: =_xlfn.IFNA(VLOOKUP($C35&","&K3,汇编指令!$C$2:$D$235,2,FALSE),"-1") -> -1 | L35: =_xlfn.IFNA(VLOOKUP($C35&","&L3,汇编指令!$C$2:$D$235,2,FALSE),"-1") -> -1 | ... AB35: =_xlfn.IFNA(VLOOKUP($C35&","&AB3,汇编指令!$C$2:$D$235,2,FALSE),"-1") -> -1
A36: 1 | B36: =ROW()-4 -> 32 | C36: DA | D36: =DEC2HEX(B36) -> 20 | E36: =_xlfn.IFNA(VLOOKUP($C36&","&E3,汇编指令!$C$2:$D$235,2,FALSE),"-1") -> D4 | F36: =_xlfn.IFNA(VLOOKUP($C36&","&F3,汇编指令!$C$2:$D$235,2,FALSE),"-1") -> -1 | G36: =_xlfn.IFNA(VLOOKUP($C36&","&G3,汇编指令!$C$2:$D$235,2,FALSE),"-1") -> -1 | H36: =_xlfn.IFNA(VLOOKUP($C36&","&H3,汇编指令!$C$2:$D$235,2,FALSE),"-1") -> -1 | I36: =_xlfn.IFNA(VLOOKUP($C36&","&I3,汇编指令!$C$2:$D$235,2,FALSE),"-1") -> -1 | J36: =_xlfn.IFNA(VLOOKUP($C36&","&J3,汇编指令!$C$2:$D$235,2,FALSE),"-1") -> -1 | K36: =_xlfn.IFNA(VLOOKUP($C36&","&K3,汇编指令!$C$2:$D$235,2,FALSE),"-1") -> -1 | L36: =_xlfn.IFNA(VLOOKUP($C36&","&L3,汇编指令!$C$2:$D$235,2,FALSE),"-1") -> -1 | ... AB36: =_xlfn.IFNA(VLOOKUP($C36&","&AB3,汇编指令!$C$2:$D$235,2,FALSE),"-1") -> -1
A37: 1 | B37: =ROW()-4 -> 33 | C37: DEC | D37: =DEC2HEX(B37) -> 21 | E37: =_xlfn.IFNA(VLOOKUP($C37&","&E3,汇编指令!$C$2:$D$235,2,FALSE),"-1") -> 14 | F37: =_xlfn.IFNA(VLOOKUP($C37&","&F3,汇编指令!$C$2:$D$235,2,FALSE),"-1") -> 18 | G37: =_xlfn.IFNA(VLOOKUP($C37&","&G3,汇编指令!$C$2:$D$235,2,FALSE),"-1") -> 19 | H37: =_xlfn.IFNA(VLOOKUP($C37&","&H3,汇编指令!$C$2:$D$235,2,FALSE),"-1") -> 1A | I37: =_xlfn.IFNA(VLOOKUP($C37&","&I3,汇编指令!$C$2:$D$235,2,FALSE),"-1") -> 1B | J37: =_xlfn.IFNA(VLOOKUP($C37&","&J3,汇编指令!$C$2:$D$235,2,FALSE),"-1") -> 1C | K37: =_xlfn.IFNA(VLOOKUP($C37&","&K3,汇编指令!$C$2:$D$235,2,FALSE),"-1") -> 1D | L37: =_xlfn.IFNA(VLOOKUP($C37&","&L3,汇编指令!$C$2:$D$235,2,FALSE),"-1") -> 1E | ... AB37: =_xlfn.IFNA(VLOOKUP($C37&","&AB3,汇编指令!$C$2:$D$235,2,FALSE),"-1") -> -1
A38: 1 | B38: =ROW()-4 -> 34 | C38: DIV | D38: =DEC2HEX(B38) -> 22 | E38: =_xlfn.IFNA(VLOOKUP($C38&","&E3,汇编指令!$C$2:$D$235,2,FALSE),"-1") -> -1 | F38: =_xlfn.IFNA(VLOOKUP($C38&","&F3,汇编指令!$C$2:$D$235,2,FALSE),"-1") -> -1 | G38: =_xlfn.IFNA(VLOOKUP($C38&","&G3,汇编指令!$C$2:$D$235,2,FALSE),"-1") -> -1 | H38: =_xlfn.IFNA(VLOOKUP($C38&","&H3,汇编指令!$C$2:$D$235,2,FALSE),"-1") -> -1 | I38: =_xlfn.IFNA(VLOOKUP($C38&","&I3,汇编指令!$C$2:$D$235,2,FALSE),"-1") -> -1 | J38: =_xlfn.IFNA(VLOOKUP($C38&","&J3,汇编指令!$C$2:$D$235,2,FALSE),"-1") -> -1 | K38: =_xlfn.IFNA(VLOOKUP($C38&","&K3,汇编指令!$C$2:$D$235,2,FALSE),"-1") -> -1 | L38: =_xlfn.IFNA(VLOOKUP($C38&","&L3,汇编指令!$C$2:$D$235,2,FALSE),"-1") -> -1 | ... AB38: =_xlfn.IFNA(VLOOKUP($C38&","&AB3,汇编指令!$C$2:$D$235,2,FALSE),"-1") -> -1
A39: 1 | B39: =ROW()-4 -> 35 | C39: INC | D39: =DEC2HEX(B39) -> 23 | E39: =_xlfn.IFNA(VLOOKUP($C39&","&E3,汇编指令!$C$2:$D$235,2,FALSE),"-1") -> 4 | F39: =_xlfn.IFNA(VLOOKUP($C39&","&F3,汇编指令!$C$2:$D$235,2,FALSE),"-1") -> 8 | G39: =_xlfn.IFNA(VLOOKUP($C39&","&G3,汇编指令!$C$2:$D$235,2,FALSE),"-1") -> 9 | H39: =_xlfn.IFNA(VLOOKUP($C39&","&H3,汇编指令!$C$2:$D$235,2,FALSE),"-1") -> A | I39: =_xlfn.IFNA(VLOOKUP($C39&","&I3,汇编指令!$C$2:$D$235,2,FALSE),"-1") -> B | J39: =_xlfn.IFNA(VLOOKUP($C39&","&J3,汇编指令!$C$2:$D$235,2,FALSE),"-1") -> C | K39: =_xlfn.IFNA(VLOOKUP($C39&","&K3,汇编指令!$C$2:$D$235,2,FALSE),"-1") -> D | L39: =_xlfn.IFNA(VLOOKUP($C39&","&L3,汇编指令!$C$2:$D$235,2,FALSE),"-1") -> E | ... AB39: =_xlfn.IFNA(VLOOKUP($C39&","&AB3,汇编指令!$C$2:$D$235,2,FALSE),"-1") -> -1
A40: 1 | B40: =ROW()-4 -> 36 | C40: JC | D40: =DEC2HEX(B40) -> 24 | E40: =_xlfn.IFNA(VLOOKUP($C40&","&E3,汇编指令!$C$2:$D$235,2,FALSE),"-1") -> -1 | F40: =_xlfn.IFNA(VLOOKUP($C40&","&F3,汇编指令!$C$2:$D$235,2,FALSE),"-1") -> -1 | G40: =_xlfn.IFNA(VLOOKUP($C40&","&G3,汇编指令!$C$2:$D$235,2,FALSE),"-1") -> -1 | H40: =_xlfn.IFNA(VLOOKUP($C40&","&H3,汇编指令!$C$2:$D$235,2,FALSE),"-1") -> -1 | I40: =_xlfn.IFNA(VLOOKUP($C40&","&I3,汇编指令!$C$2:$D$235,2,FALSE),"-1") -> -1 | J40: =_xlfn.IFNA(VLOOKUP($C40&","&J3,汇编指令!$C$2:$D$235,2,FALSE),"-1") -> -1 | K40: =_xlfn.IFNA(VLOOKUP($C40&","&K3,汇编指令!$C$2:$D$235,2,FALSE),"-1") -> -1 | L40: =_xlfn.IFNA(VLOOKUP($C40&","&L3,汇编指令!$C$2:$D$235,2,FALSE),"-1") -> -1 | ... AB40: =_xlfn.IFNA(VLOOKUP($C40&","&AB3,汇编指令!$C$2:$D$235,2,FALSE),"-1") -> -1
A41: 1 | B41: =ROW()-4 -> 37 | C41: JMP | D41: =DEC2HEX(B41) -> 25 | E41: =_xlfn.IFNA(VLOOKUP($C41&","&E3,汇编指令!$C$2:$D$235,2,FALSE),"-1") -> -1 | F41: =_xlfn.IFNA(VLOOKUP($C41&","&F3,汇编指令!$C$2:$D$235,2,FALSE),"-1") -> -1 | G41: =_xlfn.IFNA(VLOOKUP($C41&","&G3,汇编指令!$C$2:$D$235,2,FALSE),"-1") -> -1 | H41: =_xlfn.IFNA(VLOOKUP($C41&","&H3,汇编指令!$C$2:$D$235,2,FALSE),"-1") -> -1 | I41: =_xlfn.IFNA(VLOOKUP($C41&","&I3,汇编指令!$C$2:$D$235,2,FALSE),"-1") -> -1 | J41: =_xlfn.IFNA(VLOOKUP($C41&","&J3,汇编指令!$C$2:$D$235,2,FALSE),"-1") -> -1 | K41: =_xlfn.IFNA(VLOOKUP($C41&","&K3,汇编指令!$C$2:$D$235,2,FALSE),"-1") -> -1 | L41: =_xlfn.IFNA(VLOOKUP($C41&","&L3,汇编指令!$C$2:$D$235,2,FALSE),"-1") -> -1 | ... AB41: =_xlfn.IFNA(VLOOKUP($C41&","&AB3,汇编指令!$C$2:$D$235,2,FALSE),"-1") -> -1
A42: 1 | B42: =ROW()-4 -> 38 | C42: JNC | D42: =DEC2HEX(B42) -> 26 | E42: =_xlfn.IFNA(VLOOKUP($C42&","&E3,汇编指令!$C$2:$D$235,2,FALSE),"-1") -> -1 | F42: =_xlfn.IFNA(VLOOKUP($C42&","&F3,汇编指令!$C$2:$D$235,2,FALSE),"-1") -> -1 | G42: =_xlfn.IFNA(VLOOKUP($C42&","&G3,汇编指令!$C$2:$D$235,2,FALSE),"-1") -> -1 | H42: =_xlfn.IFNA(VLOOKUP($C42&","&H3,汇编指令!$C$2:$D$235,2,FALSE),"-1") -> -1 | I42: =_xlfn.IFNA(VLOOKUP($C42&","&I3,汇编指令!$C$2:$D$235,2,FALSE),"-1") -> -1 | J42: =_xlfn.IFNA(VLOOKUP($C42&","&J3,汇编指令!$C$2:$D$235,2,FALSE),"-1") -> -1 | K42: =_xlfn.IFNA(VLOOKUP($C42&","&K3,汇编指令!$C$2:$D$235,2,FALSE),"-1") -> -1 | L42: =_xlfn.IFNA(VLOOKUP($C42&","&L3,汇编指令!$C$2:$D$235,2,FALSE),"-1") -> -1 | ... AB42: =_xlfn.IFNA(VLOOKUP($C42&","&AB3,汇编指令!$C$2:$D$235,2,FALSE),"-1") -> -1
A43: 1 | B43: =ROW()-4 -> 39 | C43: JNZ | D43: =DEC2HEX(B43) -> 27 | E43: =_xlfn.IFNA(VLOOKUP($C43&","&E3,汇编指令!$C$2:$D$235,2,FALSE),"-1") -> -1 | F43: =_xlfn.IFNA(VLOOKUP($C43&","&F3,汇编指令!$C$2:$D$235,2,FALSE),"-1") -> -1 | G43: =_xlfn.IFNA(VLOOKUP($C43&","&G3,汇编指令!$C$2:$D$235,2,FALSE),"-1") -> -1 | H43: =_xlfn.IFNA(VLOOKUP($C43&","&H3,汇编指令!$C$2:$D$235,2,FALSE),"-1") -> -1 | I43: =_xlfn.IFNA(VLOOKUP($C43&","&I3,汇编指令!$C$2:$D$235,2,FALSE),"-1") -> -1 | J43: =_xlfn.IFNA(VLOOKUP($C43&","&J3,汇编指令!$C$2:$D$235,2,FALSE),"-1") -> -1 | K43: =_xlfn.IFNA(VLOOKUP($C43&","&K3,汇编指令!$C$2:$D$235,2,FALSE),"-1") -> -1 | L43: =_xlfn.IFNA(VLOOKUP($C43&","&L3,汇编指令!$C$2:$D$235,2,FALSE),"-1") -> -1 | ... AB43: =_xlfn.IFNA(VLOOKUP($C43&","&AB3,汇编指令!$C$2:$D$235,2,FALSE),"-1") -> -1
A44: 1 | B44: =ROW()-4 -> 40 | C44: JZ | D44: =DEC2HEX(B44) -> 28 | E44: =_xlfn.IFNA(VLOOKUP($C44&","&E3,汇编指令!$C$2:$D$235,2,FALSE),"-1") -> -1 | F44: =_xlfn.IFNA(VLOOKUP($C44&","&F3,汇编指令!$C$2:$D$235,2,FALSE),"-1") -> -1 | G44: =_xlfn.IFNA(VLOOKUP($C44&","&G3,汇编指令!$C$2:$D$235,2,FALSE),"-1") -> -1 | H44: =_xlfn.IFNA(VLOOKUP($C44&","&H3,汇编指令!$C$2:$D$235,2,FALSE),"-1") -> -1 | I44: =_xlfn.IFNA(VLOOKUP($C44&","&I3,汇编指令!$C$2:$D$235,2,FALSE),"-1") -> -1 | J44: =_xlfn.IFNA(VLOOKUP($C44&","&J3,汇编指令!$C$2:$D$235,2,FALSE),"-1") -> -1 | K44: =_xlfn.IFNA(VLOOKUP($C44&","&K3,汇编指令!$C$2:$D$235,2,FALSE),"-1") -> -1 | L44: =_xlfn.IFNA(VLOOKUP($C44&","&L3,汇编指令!$C$2:$D$235,2,FALSE),"-1") -> -1 | ... AB44: =_xlfn.IFNA(VLOOKUP($C44&","&AB3,汇编指令!$C$2:$D$235,2,FALSE),"-1") -> -1
A45: 1 | B45: =ROW()-4 -> 41 | C45: LCALL | D45: =DEC2HEX(B45) -> 29 | E45: =_xlfn.IFNA(VLOOKUP($C45&","&E3,汇编指令!$C$2:$D$235,2,FALSE),"-1") -> -1 | F45: =_xlfn.IFNA(VLOOKUP($C45&","&F3,汇编指令!$C$2:$D$235,2,FALSE),"-1") -> -1 | G45: =_xlfn.IFNA(VLOOKUP($C45&","&G3,汇编指令!$C$2:$D$235,2,FALSE),"-1") -> -1 | H45: =_xlfn.IFNA(VLOOKUP($C45&","&H3,汇编指令!$C$2:$D$235,2,FALSE),"-1") -> -1 | I45: =_xlfn.IFNA(VLOOKUP($C45&","&I3,汇编指令!$C$2:$D$235,2,FALSE),"-1") -> -1 | J45: =_xlfn.IFNA(VLOOKUP($C45&","&J3,汇编指令!$C$2:$D$235,2,FALSE),"-1") -> -1 | K45: =_xlfn.IFNA(VLOOKUP($C45&","&K3,汇编指令!$C$2:$D$235,2,FALSE),"-1") -> -1 | L45: =_xlfn.IFNA(VLOOKUP($C45&","&L3,汇编指令!$C$2:$D$235,2,FALSE),"-1") -> -1 | ... AB45: =_xlfn.IFNA(VLOOKUP($C45&","&AB3,汇编指令!$C$2:$D$235,2,FALSE),"-1") -> -1
A46: 1 | B46: =ROW()-4 -> 42 | C46: LJMP | D46: =DEC2HEX(B46) -> 2A | E46: =_xlfn.IFNA(VLOOKUP($C46&","&E3,汇编指令!$C$2:$D$235,2,FALSE),"-1") -> -1 | F46: =_xlfn.IFNA(VLOOKUP($C46&","&F3,汇编指令!$C$2:$D$235,2,FALSE),"-1") -> -1 | G46: =_xlfn.IFNA(VLOOKUP($C46&","&G3,汇编指令!$C$2:$D$235,2,FALSE),"-1") -> -1 | H46: =_xlfn.IFNA(VLOOKUP($C46&","&H3,汇编指令!$C$2:$D$235,2,FALSE),"-1") -> -1 | I46: =_xlfn.IFNA(VLOOKUP($C46&","&I3,汇编指令!$C$2:$D$235,2,FALSE),"-1") -> -1 | J46: =_xlfn.IFNA(VLOOKUP($C46&","&J3,汇编指令!$C$2:$D$235,2,FALSE),"-1") -> -1 | K46: =_xlfn.IFNA(VLOOKUP($C46&","&K3,汇编指令!$C$2:$D$235,2,FALSE),"-1") -> -1 | L46: =_xlfn.IFNA(VLOOKUP($C46&","&L3,汇编指令!$C$2:$D$235,2,FALSE),"-1") -> -1 | ... AB46: =_xlfn.IFNA(VLOOKUP($C46&","&AB3,汇编指令!$C$2:$D$235,2,FALSE),"-1") -> -1
A47: 1 | B47: =ROW()-4 -> 43 | C47: MUL | D47: =DEC2HEX(B47) -> 2B | E47: =_xlfn.IFNA(VLOOKUP($C47&","&E3,汇编指令!$C$2:$D$235,2,FALSE),"-1") -> -1 | F47: =_xlfn.IFNA(VLOOKUP($C47&","&F3,汇编指令!$C$2:$D$235,2,FALSE),"-1") -> -1 | G47: =_xlfn.IFNA(VLOOKUP($C47&","&G3,汇编指令!$C$2:$D$235,2,FALSE),"-1") -> -1 | H47: =_xlfn.IFNA(VLOOKUP($C47&","&H3,汇编指令!$C$2:$D$235,2,FALSE),"-1") -> -1 | I47: =_xlfn.IFNA(VLOOKUP($C47&","&I3,汇编指令!$C$2:$D$235,2,FALSE),"-1") -> -1 | J47: =_xlfn.IFNA(VLOOKUP($C47&","&J3,汇编指令!$C$2:$D$235,2,FALSE),"-1") -> -1 | K47: =_xlfn.IFNA(VLOOKUP($C47&","&K3,汇编指令!$C$2:$D$235,2,FALSE),"-1") -> -1 | L47: =_xlfn.IFNA(VLOOKUP($C47&","&L3,汇编指令!$C$2:$D$235,2,FALSE),"-1") -> -1 | ... AB47: =_xlfn.IFNA(VLOOKUP($C47&","&AB3,汇编指令!$C$2:$D$235,2,FALSE),"-1") -> -1
A48: 1 | B48: =ROW()-4 -> 44 | C48: POP | D48: =DEC2HEX(B48) -> 2C | E48: =_xlfn.IFNA(VLOOKUP($C48&","&E3,汇编指令!$C$2:$D$235,2,FALSE),"-1") -> -1 | F48: =_xlfn.IFNA(VLOOKUP($C48&","&F3,汇编指令!$C$2:$D$235,2,FALSE),"-1") -> -1 | G48: =_xlfn.IFNA(VLOOKUP($C48&","&G3,汇编指令!$C$2:$D$235,2,FALSE),"-1") -> -1 | H48: =_xlfn.IFNA(VLOOKUP($C48&","&H3,汇编指令!$C$2:$D$235,2,FALSE),"-1") -> -1 | I48: =_xlfn.IFNA(VLOOKUP($C48&","&I3,汇编指令!$C$2:$D$235,2,FALSE),"-1") -> -1 | J48: =_xlfn.IFNA(VLOOKUP($C48&","&J3,汇编指令!$C$2:$D$235,2,FALSE),"-1") -> -1 | K48: =_xlfn.IFNA(VLOOKUP($C48&","&K3,汇编指令!$C$2:$D$235,2,FALSE),"-1") -> -1 | L48: =_xlfn.IFNA(VLOOKUP($C48&","&L3,汇编指令!$C$2:$D$235,2,FALSE),"-1") -> -1 | ... AB48: =_xlfn.IFNA(VLOOKUP($C48&","&AB3,汇编指令!$C$2:$D$235,2,FALSE),"-1") -> -1
A49: 1 | B49: =ROW()-4 -> 45 | C49: PUSH | D49: =DEC2HEX(B49) -> 2D | E49: =_xlfn.IFNA(VLOOKUP($C49&","&E3,汇编指令!$C$2:$D$235,2,FALSE),"-1") -> -1 | F49: =_xlfn.IFNA(VLOOKUP($C49&","&F3,汇编指令!$C$2:$D$235,2,FALSE),"-1") -> -1 | G49: =_xlfn.IFNA(VLOOKUP($C49&","&G3,汇编指令!$C$2:$D$235,2,FALSE),"-1") -> -1 | H49: =_xlfn.IFNA(VLOOKUP($C49&","&H3,汇编指令!$C$2:$D$235,2,FALSE),"-1") -> -1 | I49: =_xlfn.IFNA(VLOOKUP($C49&","&I3,汇编指令!$C$2:$D$235,2,FALSE),"-1") -> -1 | J49: =_xlfn.IFNA(VLOOKUP($C49&","&J3,汇编指令!$C$2:$D$235,2,FALSE),"-1") -> -1 | K49: =_xlfn.IFNA(VLOOKUP($C49&","&K3,汇编指令!$C$2:$D$235,2,FALSE),"-1") -> -1 | L49: =_xlfn.IFNA(VLOOKUP($C49&","&L3,汇编指令!$C$2:$D$235,2,FALSE),"-1") -> -1 | ... AB49: =_xlfn.IFNA(VLOOKUP($C49&","&AB3,汇编指令!$C$2:$D$235,2,FALSE),"-1") -> -1
A50: 1 | B50: =ROW()-4 -> 46 | C50: RL | D50: =DEC2HEX(B50) -> 2E | E50: =_xlfn.IFNA(VLOOKUP($C50&","&E3,汇编指令!$C$2:$D$235,2,FALSE),"-1") -> 23 | F50: =_xlfn.IFNA(VLOOKUP($C50&","&F3,汇编指令!$C$2:$D$235,2,FALSE),"-1") -> -1 | G50: =_xlfn.IFNA(VLOOKUP($C50&","&G3,汇编指令!$C$2:$D$235,2,FALSE),"-1") -> -1 | H50: =_xlfn.IFNA(VLOOKUP($C50&","&H3,汇编指令!$C$2:$D$235,2,FALSE),"-1") -> -1 | I50: =_xlfn.IFNA(VLOOKUP($C50&","&I3,汇编指令!$C$2:$D$235,2,FALSE),"-1") -> -1 | J50: =_xlfn.IFNA(VLOOKUP($C50&","&J3,汇编指令!$C$2:$D$235,2,FALSE),"-1") -> -1 | K50: =_xlfn.IFNA(VLOOKUP($C50&","&K3,汇编指令!$C$2:$D$235,2,FALSE),"-1") -> -1 | L50: =_xlfn.IFNA(VLOOKUP($C50&","&L3,汇编指令!$C$2:$D$235,2,FALSE),"-1") -> -1 | ... AB50: =_xlfn.IFNA(VLOOKUP($C50&","&AB3,汇编指令!$C$2:$D$235,2,FALSE),"-1") -> -1
A51: 1 | B51: =ROW()-4 -> 47 | C51: RLC | D51: =DEC2HEX(B51) -> 2F | E51: =_xlfn.IFNA(VLOOKUP($C51&","&E3,汇编指令!$C$2:$D$235,2,FALSE),"-1") -> 33 | F51: =_xlfn.IFNA(VLOOKUP($C51&","&F3,汇编指令!$C$2:$D$235,2,FALSE),"-1") -> -1 | G51: =_xlfn.IFNA(VLOOKUP($C51&","&G3,汇编指令!$C$2:$D$235,2,FALSE),"-1") -> -1 | H51: =_xlfn.IFNA(VLOOKUP($C51&","&H3,汇编指令!$C$2:$D$235,2,FALSE),"-1") -> -1 | I51: =_xlfn.IFNA(VLOOKUP($C51&","&I3,汇编指令!$C$2:$D$235,2,FALSE),"-1") -> -1 | J51: =_xlfn.IFNA(VLOOKUP($C51&","&J3,汇编指令!$C$2:$D$235,2,FALSE),"-1") -> -1 | K51: =_xlfn.IFNA(VLOOKUP($C51&","&K3,汇编指令!$C$2:$D$235,2,FALSE),"-1") -> -1 | L51: =_xlfn.IFNA(VLOOKUP($C51&","&L3,汇编指令!$C$2:$D$235,2,FALSE),"-1") -> -1 | ... AB51: =_xlfn.IFNA(VLOOKUP($C51&","&AB3,汇编指令!$C$2:$D$235,2,FALSE),"-1") -> -1
A52: 1 | B52: =ROW()-4 -> 48 | C52: RR | D52: =DEC2HEX(B52) -> 30 | E52: =_xlfn.IFNA(VLOOKUP($C52&","&E3,汇编指令!$C$2:$D$235,2,FALSE),"-1") -> 3 | F52: =_xlfn.IFNA(VLOOKUP($C52&","&F3,汇编指令!$C$2:$D$235,2,FALSE),"-1") -> -1 | G52: =_xlfn.IFNA(VLOOKUP($C52&","&G3,汇编指令!$C$2:$D$235,2,FALSE),"-1") -> -1 | H52: =_xlfn.IFNA(VLOOKUP($C52&","&H3,汇编指令!$C$2:$D$235,2,FALSE),"-1") -> -1 | I52: =_xlfn.IFNA(VLOOKUP($C52&","&I3,汇编指令!$C$2:$D$235,2,FALSE),"-1") -> -1 | J52: =_xlfn.IFNA(VLOOKUP($C52&","&J3,汇编指令!$C$2:$D$235,2,FALSE),"-1") -> -1 | K52: =_xlfn.IFNA(VLOOKUP($C52&","&K3,汇编指令!$C$2:$D$235,2,FALSE),"-1") -> -1 | L52: =_xlfn.IFNA(VLOOKUP($C52&","&L3,汇编指令!$C$2:$D$235,2,FALSE),"-1") -> -1 | ... AB52: =_xlfn.IFNA(VLOOKUP($C52&","&AB3,汇编指令!$C$2:$D$235,2,FALSE),"-1") -> -1
A53: 1 | B53: =ROW()-4 -> 49 | C53: RRC | D53: =DEC2HEX(B53) -> 31 | E53: =_xlfn.IFNA(VLOOKUP($C53&","&E3,汇编指令!$C$2:$D$235,2,FALSE),"-1") -> 13 | F53: =_xlfn.IFNA(VLOOKUP($C53&","&F3,汇编指令!$C$2:$D$235,2,FALSE),"-1") -> -1 | G53: =_xlfn.IFNA(VLOOKUP($C53&","&G3,汇编指令!$C$2:$D$235,2,FALSE),"-1") -> -1 | H53: =_xlfn.IFNA(VLOOKUP($C53&","&H3,汇编指令!$C$2:$D$235,2,FALSE),"-1") -> -1 | I53: =_xlfn.IFNA(VLOOKUP($C53&","&I3,汇编指令!$C$2:$D$235,2,FALSE),"-1") -> -1 | J53: =_xlfn.IFNA(VLOOKUP($C53&","&J3,汇编指令!$C$2:$D$235,2,FALSE),"-1") -> -1 | K53: =_xlfn.IFNA(VLOOKUP($C53&","&K3,汇编指令!$C$2:$D$235,2,FALSE),"-1") -> -1 | L53: =_xlfn.IFNA(VLOOKUP($C53&","&L3,汇编指令!$C$2:$D$235,2,FALSE),"-1") -> -1 | ... AB53: =_xlfn.IFNA(VLOOKUP($C53&","&AB3,汇编指令!$C$2:$D$235,2,FALSE),"-1") -> -1
A54: 1 | B54: =ROW()-4 -> 50 | C54: SETB | D54: =DEC2HEX(B54) -> 32 | E54: =_xlfn.IFNA(VLOOKUP($C54&","&E3,汇编指令!$C$2:$D$235,2,FALSE),"-1") -> -1 | F54: =_xlfn.IFNA(VLOOKUP($C54&","&F3,汇编指令!$C$2:$D$235,2,FALSE),"-1") -> -1 | G54: =_xlfn.IFNA(VLOOKUP($C54&","&G3,汇编指令!$C$2:$D$235,2,FALSE),"-1") -> -1 | H54: =_xlfn.IFNA(VLOOKUP($C54&","&H3,汇编指令!$C$2:$D$235,2,FALSE),"-1") -> -1 | I54: =_xlfn.IFNA(VLOOKUP($C54&","&I3,汇编指令!$C$2:$D$235,2,FALSE),"-1") -> -1 | J54: =_xlfn.IFNA(VLOOKUP($C54&","&J3,汇编指令!$C$2:$D$235,2,FALSE),"-1") -> -1 | K54: =_xlfn.IFNA(VLOOKUP($C54&","&K3,汇编指令!$C$2:$D$235,2,FALSE),"-1") -> -1 | L54: =_xlfn.IFNA(VLOOKUP($C54&","&L3,汇编指令!$C$2:$D$235,2,FALSE),"-1") -> -1 | ... AB54: =_xlfn.IFNA(VLOOKUP($C54&","&AB3,汇编指令!$C$2:$D$235,2,FALSE),"-1") -> -1
A55: 1 | B55: =ROW()-4 -> 51 | C55: SJMP | D55: =DEC2HEX(B55) -> 33 | E55: =_xlfn.IFNA(VLOOKUP($C55&","&E3,汇编指令!$C$2:$D$235,2,FALSE),"-1") -> -1 | F55: =_xlfn.IFNA(VLOOKUP($C55&","&F3,汇编指令!$C$2:$D$235,2,FALSE),"-1") -> -1 | G55: =_xlfn.IFNA(VLOOKUP($C55&","&G3,汇编指令!$C$2:$D$235,2,FALSE),"-1") -> -1 | H55: =_xlfn.IFNA(VLOOKUP($C55&","&H3,汇编指令!$C$2:$D$235,2,FALSE),"-1") -> -1 | I55: =_xlfn.IFNA(VLOOKUP($C55&","&I3,汇编指令!$C$2:$D$235,2,FALSE),"-1") -> -1 | J55: =_xlfn.IFNA(VLOOKUP($C55&","&J3,汇编指令!$C$2:$D$235,2,FALSE),"-1") -> -1 | K55: =_xlfn.IFNA(VLOOKUP($C55&","&K3,汇编指令!$C$2:$D$235,2,FALSE),"-1") -> -1 | L55: =_xlfn.IFNA(VLOOKUP($C55&","&L3,汇编指令!$C$2:$D$235,2,FALSE),"-1") -> -1 | ... AB55: =_xlfn.IFNA(VLOOKUP($C55&","&AB3,汇编指令!$C$2:$D$235,2,FALSE),"-1") -> -1
A56: 1 | B56: =ROW()-4 -> 52 | C56: SWAP | D56: =DEC2HEX(B56) -> 34 | E56: =_xlfn.IFNA(VLOOKUP($C56&","&E3,汇编指令!$C$2:$D$235,2,FALSE),"-1") -> C4 | F56: =_xlfn.IFNA(VLOOKUP($C56&","&F3,汇编指令!$C$2:$D$235,2,FALSE),"-1") -> -1 | G56: =_xlfn.IFNA(VLOOKUP($C56&","&G3,汇编指令!$C$2:$D$235,2,FALSE),"-1") -> -1 | H56: =_xlfn.IFNA(VLOOKUP($C56&","&H3,汇编指令!$C$2:$D$235,2,FALSE),"-1") -> -1 | I56: =_xlfn.IFNA(VLOOKUP($C56&","&I3,汇编指令!$C$2:$D$235,2,FALSE),"-1") -> -1 | J56: =_xlfn.IFNA(VLOOKUP($C56&","&J3,汇编指令!$C$2:$D$235,2,FALSE),"-1") -> -1 | K56: =_xlfn.IFNA(VLOOKUP($C56&","&K3,汇编指令!$C$2:$D$235,2,FALSE),"-1") -> -1 | L56: =_xlfn.IFNA(VLOOKUP($C56&","&L3,汇编指令!$C$2:$D$235,2,FALSE),"-1") -> -1 | ... AB56: =_xlfn.IFNA(VLOOKUP($C56&","&AB3,汇编指令!$C$2:$D$235,2,FALSE),"-1") -> -1
A57: 2 | B57: =ROW()-4 -> 53 | C57: ADD,A | D57: =DEC2HEX(B57) -> 35 | E57: =_xlfn.IFNA(VLOOKUP($C57&","&E3,汇编指令!$C$2:$D$235,2,FALSE),"-1") -> -1 | F57: =_xlfn.IFNA(VLOOKUP($C57&","&F3,汇编指令!$C$2:$D$235,2,FALSE),"-1") -> 28 | G57: =_xlfn.IFNA(VLOOKUP($C57&","&G3,汇编指令!$C$2:$D$235,2,FALSE),"-1") -> 29 | H57: =_xlfn.IFNA(VLOOKUP($C57&","&H3,汇编指令!$C$2:$D$235,2,FALSE),"-1") -> 2A | I57: =_xlfn.IFNA(VLOOKUP($C57&","&I3,汇编指令!$C$2:$D$235,2,FALSE),"-1") -> 2B | J57: =_xlfn.IFNA(VLOOKUP($C57&","&J3,汇编指令!$C$2:$D$235,2,FALSE),"-1") -> 2C | K57: =_xlfn.IFNA(VLOOKUP($C57&","&K3,汇编指令!$C$2:$D$235,2,FALSE),"-1") -> 2D | L57: =_xlfn.IFNA(VLOOKUP($C57&","&L3,汇编指令!$C$2:$D$235,2,FALSE),"-1") -> 2E | ... AB57: =_xlfn.IFNA(VLOOKUP($C57&","&AB3,汇编指令!$C$2:$D$235,2,FALSE),"-1") -> -1
A58: 2 | B58: =ROW()-4 -> 54 | C58: ADDC,A | D58: =DEC2HEX(B58) -> 36 | E58: =_xlfn.IFNA(VLOOKUP($C58&","&E3,汇编指令!$C$2:$D$235,2,FALSE),"-1") -> -1 | F58: =_xlfn.IFNA(VLOOKUP($C58&","&F3,汇编指令!$C$2:$D$235,2,FALSE),"-1") -> 38 | G58: =_xlfn.IFNA(VLOOKUP($C58&","&G3,汇编指令!$C$2:$D$235,2,FALSE),"-1") -> 39 | H58: =_xlfn.IFNA(VLOOKUP($C58&","&H3,汇编指令!$C$2:$D$235,2,FALSE),"-1") -> 3A | I58: =_xlfn.IFNA(VLOOKUP($C58&","&I3,汇编指令!$C$2:$D$235,2,FALSE),"-1") -> 3B | J58: =_xlfn.IFNA(VLOOKUP($C58&","&J3,汇编指令!$C$2:$D$235,2,FALSE),"-1") -> 3C | K58: =_xlfn.IFNA(VLOOKUP($C58&","&K3,汇编指令!$C$2:$D$235,2,FALSE),"-1") -> 3D | L58: =_xlfn.IFNA(VLOOKUP($C58&","&L3,汇编指令!$C$2:$D$235,2,FALSE),"-1") -> 3E | ... AB58: =_xlfn.IFNA(VLOOKUP($C58&","&AB3,汇编指令!$C$2:$D$235,2,FALSE),"-1") -> -1
A59: 2 | B59: =ROW()-4 -> 55 | C59: ANL,A | D59: =DEC2HEX(B59) -> 37 | E59: =_xlfn.IFNA(VLOOKUP($C59&","&E3,汇编指令!$C$2:$D$235,2,FALSE),"-1") -> -1 | F59: =_xlfn.IFNA(VLOOKUP($C59&","&F3,汇编指令!$C$2:$D$235,2,FALSE),"-1") -> 58 | G59: =_xlfn.IFNA(VLOOKUP($C59&","&G3,汇编指令!$C$2:$D$235,2,FALSE),"-1") -> 59 | H59: =_xlfn.IFNA(VLOOKUP($C59&","&H3,汇编指令!$C$2:$D$235,2,FALSE),"-1") -> 5A | I59: =_xlfn.IFNA(VLOOKUP($C59&","&I3,汇编指令!$C$2:$D$235,2,FALSE),"-1") -> 5B | J59: =_xlfn.IFNA(VLOOKUP($C59&","&J3,汇编指令!$C$2:$D$235,2,FALSE),"-1") -> 5C | K59: =_xlfn.IFNA(VLOOKUP($C59&","&K3,汇编指令!$C$2:$D$235,2,FALSE),"-1") -> 5D | L59: =_xlfn.IFNA(VLOOKUP($C59&","&L3,汇编指令!$C$2:$D$235,2,FALSE),"-1") -> 5E | ... AB59: =_xlfn.IFNA(VLOOKUP($C59&","&AB3,汇编指令!$C$2:$D$235,2,FALSE),"-1") -> -1
A60: 2 | B60: =ROW()-4 -> 56 | C60: ANL,C | D60: =DEC2HEX(B60) -> 38 | E60: =_xlfn.IFNA(VLOOKUP($C60&","&E3,汇编指令!$C$2:$D$235,2,FALSE),"-1") -> -1 | F60: =_xlfn.IFNA(VLOOKUP($C60&","&F3,汇编指令!$C$2:$D$235,2,FALSE),"-1") -> -1 | G60: =_xlfn.IFNA(VLOOKUP($C60&","&G3,汇编指令!$C$2:$D$235,2,FALSE),"-1") -> -1 | H60: =_xlfn.IFNA(VLOOKUP($C60&","&H3,汇编指令!$C$2:$D$235,2,FALSE),"-1") -> -1 | I60: =_xlfn.IFNA(VLOOKUP($C60&","&I3,汇编指令!$C$2:$D$235,2,FALSE),"-1") -> -1 | J60: =_xlfn.IFNA(VLOOKUP($C60&","&J3,汇编指令!$C$2:$D$235,2,FALSE),"-1") -> -1 | K60: =_xlfn.IFNA(VLOOKUP($C60&","&K3,汇编指令!$C$2:$D$235,2,FALSE),"-1") -> -1 | L60: =_xlfn.IFNA(VLOOKUP($C60&","&L3,汇编指令!$C$2:$D$235,2,FALSE),"-1") -> -1 | ... AB60: =_xlfn.IFNA(VLOOKUP($C60&","&AB3,汇编指令!$C$2:$D$235,2,FALSE),"-1") -> B0
A61: 2 | B61: =ROW()-4 -> 57 | C61: ANL,direct | D61: =DEC2HEX(B61) -> 39 | E61: =_xlfn.IFNA(VLOOKUP($C61&","&E3,汇编指令!$C$2:$D$235,2,FALSE),"-1") -> -1 | F61: =_xlfn.IFNA(VLOOKUP($C61&","&F3,汇编指令!$C$2:$D$235,2,FALSE),"-1") -> -1 | G61: =_xlfn.IFNA(VLOOKUP($C61&","&G3,汇编指令!$C$2:$D$235,2,FALSE),"-1") -> -1 | H61: =_xlfn.IFNA(VLOOKUP($C61&","&H3,汇编指令!$C$2:$D$235,2,FALSE),"-1") -> -1 | I61: =_xlfn.IFNA(VLOOKUP($C61&","&I3,汇编指令!$C$2:$D$235,2,FALSE),"-1") -> -1 | J61: =_xlfn.IFNA(VLOOKUP($C61&","&J3,汇编指令!$C$2:$D$235,2,FALSE),"-1") -> -1 | K61: =_xlfn.IFNA(VLOOKUP($C61&","&K3,汇编指令!$C$2:$D$235,2,FALSE),"-1") -> -1 | L61: =_xlfn.IFNA(VLOOKUP($C61&","&L3,汇编指令!$C$2:$D$235,2,FALSE),"-1") -> -1 | ... AB61: =_xlfn.IFNA(VLOOKUP($C61&","&AB3,汇编指令!$C$2:$D$235,2,FALSE),"-1") -> -1
A62: 2 | B62: =ROW()-4 -> 58 | C62: DJNZ,R0 | D62: =DEC2HEX(B62) -> 3A | E62: =_xlfn.IFNA(VLOOKUP($C62&","&E3,汇编指令!$C$2:$D$235,2,FALSE),"-1") -> -1 | F62: =_xlfn.IFNA(VLOOKUP($C62&","&F3,汇编指令!$C$2:$D$235,2,FALSE),"-1") -> -1 | G62: =_xlfn.IFNA(VLOOKUP($C62&","&G3,汇编指令!$C$2:$D$235,2,FALSE),"-1") -> -1 | H62: =_xlfn.IFNA(VLOOKUP($C62&","&H3,汇编指令!$C$2:$D$235,2,FALSE),"-1") -> -1 | I62: =_xlfn.IFNA(VLOOKUP($C62&","&I3,汇编指令!$C$2:$D$235,2,FALSE),"-1") -> -1 | J62: =_xlfn.IFNA(VLOOKUP($C62&","&J3,汇编指令!$C$2:$D$235,2,FALSE),"-1") -> -1 | K62: =_xlfn.IFNA(VLOOKUP($C62&","&K3,汇编指令!$C$2:$D$235,2,FALSE),"-1") -> -1 | L62: =_xlfn.IFNA(VLOOKUP($C62&","&L3,汇编指令!$C$2:$D$235,2,FALSE),"-1") -> -1 | ... AB62: =_xlfn.IFNA(VLOOKUP($C62&","&AB3,汇编指令!$C$2:$D$235,2,FALSE),"-1") -> -1
A63: 2 | B63: =ROW()-4 -> 59 | C63: DJNZ,R1 | D63: =DEC2HEX(B63) -> 3B | E63: =_xlfn.IFNA(VLOOKUP($C63&","&E3,汇编指令!$C$2:$D$235,2,FALSE),"-1") -> -1 | F63: =_xlfn.IFNA(VLOOKUP($C63&","&F3,汇编指令!$C$2:$D$235,2,FALSE),"-1") -> -1 | G63: =_xlfn.IFNA(VLOOKUP($C63&","&G3,汇编指令!$C$2:$D$235,2,FALSE),"-1") -> -1 | H63: =_xlfn.IFNA(VLOOKUP($C63&","&H3,汇编指令!$C$2:$D$235,2,FALSE),"-1") -> -1 | I63: =_xlfn.IFNA(VLOOKUP($C63&","&I3,汇编指令!$C$2:$D$235,2,FALSE),"-1") -> -1 | J63: =_xlfn.IFNA(VLOOKUP($C63&","&J3,汇编指令!$C$2:$D$235,2,FALSE),"-1") -> -1 | K63: =_xlfn.IFNA(VLOOKUP($C63&","&K3,汇编指令!$C$2:$D$235,2,FALSE),"-1") -> -1 | L63: =_xlfn.IFNA(VLOOKUP($C63&","&L3,汇编指令!$C$2:$D$235,2,FALSE),"-1") -> -1 | ... AB63: =_xlfn.IFNA(VLOOKUP($C63&","&AB3,汇编指令!$C$2:$D$235,2,FALSE),"-1") -> -1
A64: 2 | B64: =ROW()-4 -> 60 | C64: DJNZ,R2 | D64: =DEC2HEX(B64) -> 3C | E64: =_xlfn.IFNA(VLOOKUP($C64&","&E3,汇编指令!$C$2:$D$235,2,FALSE),"-1") -> -1 | F64: =_xlfn.IFNA(VLOOKUP($C64&","&F3,汇编指令!$C$2:$D$235,2,FALSE),"-1") -> -1 | G64: =_xlfn.IFNA(VLOOKUP($C64&","&G3,汇编指令!$C$2:$D$235,2,FALSE),"-1") -> -1 | H64: =_xlfn.IFNA(VLOOKUP($C64&","&H3,汇编指令!$C$2:$D$235,2,FALSE),"-1") -> -1 | I64: =_xlfn.IFNA(VLOOKUP($C64&","&I3,汇编指令!$C$2:$D$235,2,FALSE),"-1") -> -1 | J64: =_xlfn.IFNA(VLOOKUP($C64&","&J3,汇编指令!$C$2:$D$235,2,FALSE),"-1") -> -1 | K64: =_xlfn.IFNA(VLOOKUP($C64&","&K3,汇编指令!$C$2:$D$235,2,FALSE),"-1") -> -1 | L64: =_xlfn.IFNA(VLOOKUP($C64&","&L3,汇编指令!$C$2:$D$235,2,FALSE),"-1") -> -1 | ... AB64: =_xlfn.IFNA(VLOOKUP($C64&","&AB3,汇编指令!$C$2:$D$235,2,FALSE),"-1") -> -1
A65: 2 | B65: =ROW()-4 -> 61 | C65: DJNZ,R3 | D65: =DEC2HEX(B65) -> 3D | E65: =_xlfn.IFNA(VLOOKUP($C65&","&E3,汇编指令!$C$2:$D$235,2,FALSE),"-1") -> -1 | F65: =_xlfn.IFNA(VLOOKUP($C65&","&F3,汇编指令!$C$2:$D$235,2,FALSE),"-1") -> -1 | G65: =_xlfn.IFNA(VLOOKUP($C65&","&G3,汇编指令!$C$2:$D$235,2,FALSE),"-1") -> -1 | H65: =_xlfn.IFNA(VLOOKUP($C65&","&H3,汇编指令!$C$2:$D$235,2,FALSE),"-1") -> -1 | I65: =_xlfn.IFNA(VLOOKUP($C65&","&I3,汇编指令!$C$2:$D$235,2,FALSE),"-1") -> -1 | J65: =_xlfn.IFNA(VLOOKUP($C65&","&J3,汇编指令!$C$2:$D$235,2,FALSE),"-1") -> -1 | K65: =_xlfn.IFNA(VLOOKUP($C65&","&K3,汇编指令!$C$2:$D$235,2,FALSE),"-1") -> -1 | L65: =_xlfn.IFNA(VLOOKUP($C65&","&L3,汇编指令!$C$2:$D$235,2,FALSE),"-1") -> -1 | ... AB65: =_xlfn.IFNA(VLOOKUP($C65&","&AB3,汇编指令!$C$2:$D$235,2,FALSE),"-1") -> -1
A66: 2 | B66: =ROW()-4 -> 62 | C66: DJNZ,R4 | D66: =DEC2HEX(B66) -> 3E | E66: =_xlfn.IFNA(VLOOKUP($C66&","&E3,汇编指令!$C$2:$D$235,2,FALSE),"-1") -> -1 | F66: =_xlfn.IFNA(VLOOKUP($C66&","&F3,汇编指令!$C$2:$D$235,2,FALSE),"-1") -> -1 | G66: =_xlfn.IFNA(VLOOKUP($C66&","&G3,汇编指令!$C$2:$D$235,2,FALSE),"-1") -> -1 | H66: =_xlfn.IFNA(VLOOKUP($C66&","&H3,汇编指令!$C$2:$D$235,2,FALSE),"-1") -> -1 | I66: =_xlfn.IFNA(VLOOKUP($C66&","&I3,汇编指令!$C$2:$D$235,2,FALSE),"-1") -> -1 | J66: =_xlfn.IFNA(VLOOKUP($C66&","&J3,汇编指令!$C$2:$D$235,2,FALSE),"-1") -> -1 | K66: =_xlfn.IFNA(VLOOKUP($C66&","&K3,汇编指令!$C$2:$D$235,2,FALSE),"-1") -> -1 | L66: =_xlfn.IFNA(VLOOKUP($C66&","&L3,汇编指令!$C$2:$D$235,2,FALSE),"-1") -> -1 | ... AB66: =_xlfn.IFNA(VLOOKUP($C66&","&AB3,汇编指令!$C$2:$D$235,2,FALSE),"-1") -> -1
A67: 2 | B67: =ROW()-4 -> 63 | C67: DJNZ,R5 | D67: =DEC2HEX(B67) -> 3F | E67: =_xlfn.IFNA(VLOOKUP($C67&","&E3,汇编指令!$C$2:$D$235,2,FALSE),"-1") -> -1 | F67: =_xlfn.IFNA(VLOOKUP($C67&","&F3,汇编指令!$C$2:$D$235,2,FALSE),"-1") -> -1 | G67: =_xlfn.IFNA(VLOOKUP($C67&","&G3,汇编指令!$C$2:$D$235,2,FALSE),"-1") -> -1 | H67: =_xlfn.IFNA(VLOOKUP($C67&","&H3,汇编指令!$C$2:$D$235,2,FALSE),"-1") -> -1 | I67: =_xlfn.IFNA(VLOOKUP($C67&","&I3,汇编指令!$C$2:$D$235,2,FALSE),"-1") -> -1 | J67: =_xlfn.IFNA(VLOOKUP($C67&","&J3,汇编指令!$C$2:$D$235,2,FALSE),"-1") -> -1 | K67: =_xlfn.IFNA(VLOOKUP($C67&","&K3,汇编指令!$C$2:$D$235,2,FALSE),"-1") -> -1 | L67: =_xlfn.IFNA(VLOOKUP($C67&","&L3,汇编指令!$C$2:$D$235,2,FALSE),"-1") -> -1 | ... AB67: =_xlfn.IFNA(VLOOKUP($C67&","&AB3,汇编指令!$C$2:$D$235,2,FALSE),"-1") -> -1
A68: 2 | B68: =ROW()-4 -> 64 | C68: DJNZ,R6 | D68: =DEC2HEX(B68) -> 40 | E68: =_xlfn.IFNA(VLOOKUP($C68&","&E3,汇编指令!$C$2:$D$235,2,FALSE),"-1") -> -1 | F68: =_xlfn.IFNA(VLOOKUP($C68&","&F3,汇编指令!$C$2:$D$235,2,FALSE),"-1") -> -1 | G68: =_xlfn.IFNA(VLOOKUP($C68&","&G3,汇编指令!$C$2:$D$235,2,FALSE),"-1") -> -1 | H68: =_xlfn.IFNA(VLOOKUP($C68&","&H3,汇编指令!$C$2:$D$235,2,FALSE),"-1") -> -1 | I68: =_xlfn.IFNA(VLOOKUP($C68&","&I3,汇编指令!$C$2:$D$235,2,FALSE),"-1") -> -1 | J68: =_xlfn.IFNA(VLOOKUP($C68&","&J3,汇编指令!$C$2:$D$235,2,FALSE),"-1") -> -1 | K68: =_xlfn.IFNA(VLOOKUP($C68&","&K3,汇编指令!$C$2:$D$235,2,FALSE),"-1") -> -1 | L68: =_xlfn.IFNA(VLOOKUP($C68&","&L3,汇编指令!$C$2:$D$235,2,FALSE),"-1") -> -1 | ... AB68: =_xlfn.IFNA(VLOOKUP($C68&","&AB3,汇编指令!$C$2:$D$235,2,FALSE),"-1") -> -1
A69: 2 | B69: =ROW()-4 -> 65 | C69: DJNZ,R7 | D69: =DEC2HEX(B69) -> 41 | E69: =_xlfn.IFNA(VLOOKUP($C69&","&E3,汇编指令!$C$2:$D$235,2,FALSE),"-1") -> -1 | F69: =_xlfn.IFNA(VLOOKUP($C69&","&F3,汇编指令!$C$2:$D$235,2,FALSE),"-1") -> -1 | G69: =_xlfn.IFNA(VLOOKUP($C69&","&G3,汇编指令!$C$2:$D$235,2,FALSE),"-1") -> -1 | H69: =_xlfn.IFNA(VLOOKUP($C69&","&H3,汇编指令!$C$2:$D$235,2,FALSE),"-1") -> -1 | I69: =_xlfn.IFNA(VLOOKUP($C69&","&I3,汇编指令!$C$2:$D$235,2,FALSE),"-1") -> -1 | J69: =_xlfn.IFNA(VLOOKUP($C69&","&J3,汇编指令!$C$2:$D$235,2,FALSE),"-1") -> -1 | K69: =_xlfn.IFNA(VLOOKUP($C69&","&K3,汇编指令!$C$2:$D$235,2,FALSE),"-1") -> -1 | L69: =_xlfn.IFNA(VLOOKUP($C69&","&L3,汇编指令!$C$2:$D$235,2,FALSE),"-1") -> -1 | ... AB69: =_xlfn.IFNA(VLOOKUP($C69&","&AB3,汇编指令!$C$2:$D$235,2,FALSE),"-1") -> -1
A70: 2 | B70: =ROW()-4 -> 66 | C70: JB,bit | D70: =DEC2HEX(B70) -> 42 | E70: =_xlfn.IFNA(VLOOKUP($C70&","&E3,汇编指令!$C$2:$D$235,2,FALSE),"-1") -> -1 | F70: =_xlfn.IFNA(VLOOKUP($C70&","&F3,汇编指令!$C$2:$D$235,2,FALSE),"-1") -> -1 | G70: =_xlfn.IFNA(VLOOKUP($C70&","&G3,汇编指令!$C$2:$D$235,2,FALSE),"-1") -> -1 | H70: =_xlfn.IFNA(VLOOKUP($C70&","&H3,汇编指令!$C$2:$D$235,2,FALSE),"-1") -> -1 | I70: =_xlfn.IFNA(VLOOKUP($C70&","&I3,汇编指令!$C$2:$D$235,2,FALSE),"-1") -> -1 | J70: =_xlfn.IFNA(VLOOKUP($C70&","&J3,汇编指令!$C$2:$D$235,2,FALSE),"-1") -> -1 | K70: =_xlfn.IFNA(VLOOKUP($C70&","&K3,汇编指令!$C$2:$D$235,2,FALSE),"-1") -> -1 | L70: =_xlfn.IFNA(VLOOKUP($C70&","&L3,汇编指令!$C$2:$D$235,2,FALSE),"-1") -> -1 | ... AB70: =_xlfn.IFNA(VLOOKUP($C70&","&AB3,汇编指令!$C$2:$D$235,2,FALSE),"-1") -> -1
A71: 2 | B71: =ROW()-4 -> 67 | C71: JBC,bit | D71: =DEC2HEX(B71) -> 43 | E71: =_xlfn.IFNA(VLOOKUP($C71&","&E3,汇编指令!$C$2:$D$235,2,FALSE),"-1") -> -1 | F71: =_xlfn.IFNA(VLOOKUP($C71&","&F3,汇编指令!$C$2:$D$235,2,FALSE),"-1") -> -1 | G71: =_xlfn.IFNA(VLOOKUP($C71&","&G3,汇编指令!$C$2:$D$235,2,FALSE),"-1") -> -1 | H71: =_xlfn.IFNA(VLOOKUP($C71&","&H3,汇编指令!$C$2:$D$235,2,FALSE),"-1") -> -1 | I71: =_xlfn.IFNA(VLOOKUP($C71&","&I3,汇编指令!$C$2:$D$235,2,FALSE),"-1") -> -1 | J71: =_xlfn.IFNA(VLOOKUP($C71&","&J3,汇编指令!$C$2:$D$235,2,FALSE),"-1") -> -1 | K71: =_xlfn.IFNA(VLOOKUP($C71&","&K3,汇编指令!$C$2:$D$235,2,FALSE),"-1") -> -1 | L71: =_xlfn.IFNA(VLOOKUP($C71&","&L3,汇编指令!$C$2:$D$235,2,FALSE),"-1") -> -1 | ... AB71: =_xlfn.IFNA(VLOOKUP($C71&","&AB3,汇编指令!$C$2:$D$235,2,FALSE),"-1") -> -1
A72: 2 | B72: =ROW()-4 -> 68 | C72: JNB,bit | D72: =DEC2HEX(B72) -> 44 | E72: =_xlfn.IFNA(VLOOKUP($C72&","&E3,汇编指令!$C$2:$D$235,2,FALSE),"-1") -> -1 | F72: =_xlfn.IFNA(VLOOKUP($C72&","&F3,汇编指令!$C$2:$D$235,2,FALSE),"-1") -> -1 | G72: =_xlfn.IFNA(VLOOKUP($C72&","&G3,汇编指令!$C$2:$D$235,2,FALSE),"-1") -> -1 | H72: =_xlfn.IFNA(VLOOKUP($C72&","&H3,汇编指令!$C$2:$D$235,2,FALSE),"-1") -> -1 | I72: =_xlfn.IFNA(VLOOKUP($C72&","&I3,汇编指令!$C$2:$D$235,2,FALSE),"-1") -> -1 | J72: =_xlfn.IFNA(VLOOKUP($C72&","&J3,汇编指令!$C$2:$D$235,2,FALSE),"-1") -> -1 | K72: =_xlfn.IFNA(VLOOKUP($C72&","&K3,汇编指令!$C$2:$D$235,2,FALSE),"-1") -> -1 | L72: =_xlfn.IFNA(VLOOKUP($C72&","&L3,汇编指令!$C$2:$D$235,2,FALSE),"-1") -> -1 | ... AB72: =_xlfn.IFNA(VLOOKUP($C72&","&AB3,汇编指令!$C$2:$D$235,2,FALSE),"-1") -> -1
A73: 2 | B73: =ROW()-4 -> 69 | C73: MOV,@R0 | D73: =DEC2HEX(B73) -> 45 | E73: =_xlfn.IFNA(VLOOKUP($C73&","&E3,汇编指令!$C$2:$D$235,2,FALSE),"-1") -> F6 | F73: =_xlfn.IFNA(VLOOKUP($C73&","&F3,汇编指令!$C$2:$D$235,2,FALSE),"-1") -> -1 | G73: =_xlfn.IFNA(VLOOKUP($C73&","&G3,汇编指令!$C$2:$D$235,2,FALSE),"-1") -> -1 | H73: =_xlfn.IFNA(VLOOKUP($C73&","&H3,汇编指令!$C$2:$D$235,2,FALSE),"-1") -> -1 | I73: =_xlfn.IFNA(VLOOKUP($C73&","&I3,汇编指令!$C$2:$D$235,2,FALSE),"-1") -> -1 | J73: =_xlfn.IFNA(VLOOKUP($C73&","&J3,汇编指令!$C$2:$D$235,2,FALSE),"-1") -> -1 | K73: =_xlfn.IFNA(VLOOKUP($C73&","&K3,汇编指令!$C$2:$D$235,2,FALSE),"-1") -> -1 | L73: =_xlfn.IFNA(VLOOKUP($C73&","&L3,汇编指令!$C$2:$D$235,2,FALSE),"-1") -> -1 | ... AB73: =_xlfn.IFNA(VLOOKUP($C73&","&AB3,汇编指令!$C$2:$D$235,2,FALSE),"-1") -> -1
A74: 2 | B74: =ROW()-4 -> 70 | C74: MOV,@R1 | D74: =DEC2HEX(B74) -> 46 | E74: =_xlfn.IFNA(VLOOKUP($C74&","&E3,汇编指令!$C$2:$D$235,2,FALSE),"-1") -> F7 | F74: =_xlfn.IFNA(VLOOKUP($C74&","&F3,汇编指令!$C$2:$D$235,2,FALSE),"-1") -> -1 | G74: =_xlfn.IFNA(VLOOKUP($C74&","&G3,汇编指令!$C$2:$D$235,2,FALSE),"-1") -> -1 | H74: =_xlfn.IFNA(VLOOKUP($C74&","&H3,汇编指令!$C$2:$D$235,2,FALSE),"-1") -> -1 | I74: =_xlfn.IFNA(VLOOKUP($C74&","&I3,汇编指令!$C$2:$D$235,2,FALSE),"-1") -> -1 | J74: =_xlfn.IFNA(VLOOKUP($C74&","&J3,汇编指令!$C$2:$D$235,2,FALSE),"-1") -> -1 | K74: =_xlfn.IFNA(VLOOKUP($C74&","&K3,汇编指令!$C$2:$D$235,2,FALSE),"-1") -> -1 | L74: =_xlfn.IFNA(VLOOKUP($C74&","&L3,汇编指令!$C$2:$D$235,2,FALSE),"-1") -> -1 | ... AB74: =_xlfn.IFNA(VLOOKUP($C74&","&AB3,汇编指令!$C$2:$D$235,2,FALSE),"-1") -> -1
A75: 2 | B75: =ROW()-4 -> 71 | C75: MOV,A | D75: =DEC2HEX(B75) -> 47 | E75: =_xlfn.IFNA(VLOOKUP($C75&","&E3,汇编指令!$C$2:$D$235,2,FALSE),"-1") -> -1 | F75: =_xlfn.IFNA(VLOOKUP($C75&","&F3,汇编指令!$C$2:$D$235,2,FALSE),"-1") -> E8 | G75: =_xlfn.IFNA(VLOOKUP($C75&","&G3,汇编指令!$C$2:$D$235,2,FALSE),"-1") -> E9 | H75: =_xlfn.IFNA(VLOOKUP($C75&","&H3,汇编指令!$C$2:$D$235,2,FALSE),"-1") -> EA | I75: =_xlfn.IFNA(VLOOKUP($C75&","&I3,汇编指令!$C$2:$D$235,2,FALSE),"-1") -> EB | J75: =_xlfn.IFNA(VLOOKUP($C75&","&J3,汇编指令!$C$2:$D$235,2,FALSE),"-1") -> EC | K75: =_xlfn.IFNA(VLOOKUP($C75&","&K3,汇编指令!$C$2:$D$235,2,FALSE),"-1") -> ED | L75: =_xlfn.IFNA(VLOOKUP($C75&","&L3,汇编指令!$C$2:$D$235,2,FALSE),"-1") -> EE | ... AB75: =_xlfn.IFNA(VLOOKUP($C75&","&AB3,汇编指令!$C$2:$D$235,2,FALSE),"-1") -> -1
A76: 2 | B76: =ROW()-4 -> 72 | C76: MOV,bit | D76: =DEC2HEX(B76) -> 48 | E76: =_xlfn.IFNA(VLOOKUP($C76&","&E3,汇编指令!$C$2:$D$235,2,FALSE),"-1") -> -1 | F76: =_xlfn.IFNA(VLOOKUP($C76&","&F3,汇编指令!$C$2:$D$235,2,FALSE),"-1") -> -1 | G76: =_xlfn.IFNA(VLOOKUP($C76&","&G3,汇编指令!$C$2:$D$235,2,FALSE),"-1") -> -1 | H76: =_xlfn.IFNA(VLOOKUP($C76&","&H3,汇编指令!$C$2:$D$235,2,FALSE),"-1") -> -1 | I76: =_xlfn.IFNA(VLOOKUP($C76&","&I3,汇编指令!$C$2:$D$235,2,FALSE),"-1") -> -1 | J76: =_xlfn.IFNA(VLOOKUP($C76&","&J3,汇编指令!$C$2:$D$235,2,FALSE),"-1") -> -1 | K76: =_xlfn.IFNA(VLOOKUP($C76&","&K3,汇编指令!$C$2:$D$235,2,FALSE),"-1") -> -1 | L76: =_xlfn.IFNA(VLOOKUP($C76&","&L3,汇编指令!$C$2:$D$235,2,FALSE),"-1") -> -1 | ... AB76: =_xlfn.IFNA(VLOOKUP($C76&","&AB3,汇编指令!$C$2:$D$235,2,FALSE),"-1") -> -1
A77: 2 | B77: =ROW()-4 -> 73 | C77: MOV,C | D77: =DEC2HEX(B77) -> 49 | E77: =_xlfn.IFNA(VLOOKUP($C77&","&E3,汇编指令!$C$2:$D$235,2,FALSE),"-1") -> -1 | F77: =_xlfn.IFNA(VLOOKUP($C77&","&F3,汇编指令!$C$2:$D$235,2,FALSE),"-1") -> -1 | G77: =_xlfn.IFNA(VLOOKUP($C77&","&G3,汇编指令!$C$2:$D$235,2,FALSE),"-1") -> -1 | H77: =_xlfn.IFNA(VLOOKUP($C77&","&H3,汇编指令!$C$2:$D$235,2,FALSE),"-1") -> -1 | I77: =_xlfn.IFNA(VLOOKUP($C77&","&I3,汇编指令!$C$2:$D$235,2,FALSE),"-1") -> -1 | J77: =_xlfn.IFNA(VLOOKUP($C77&","&J3,汇编指令!$C$2:$D$235,2,FALSE),"-1") -> -1 | K77: =_xlfn.IFNA(VLOOKUP($C77&","&K3,汇编指令!$C$2:$D$235,2,FALSE),"-1") -> -1 | L77: =_xlfn.IFNA(VLOOKUP($C77&","&L3,汇编指令!$C$2:$D$235,2,FALSE),"-1") -> -1 | ... AB77: =_xlfn.IFNA(VLOOKUP($C77&","&AB3,汇编指令!$C$2:$D$235,2,FALSE),"-1") -> -1
A78: 2 | B78: =ROW()-4 -> 74 | C78: MOV,direct | D78: =DEC2HEX(B78) -> 4A | E78: =_xlfn.IFNA(VLOOKUP($C78&","&E3,汇编指令!$C$2:$D$235,2,FALSE),"-1") -> F5 | F78: =_xlfn.IFNA(VLOOKUP($C78&","&F3,汇编指令!$C$2:$D$235,2,FALSE),"-1") -> 88 | G78: =_xlfn.IFNA(VLOOKUP($C78&","&G3,汇编指令!$C$2:$D$235,2,FALSE),"-1") -> 89 | H78: =_xlfn.IFNA(VLOOKUP($C78&","&H3,汇编指令!$C$2:$D$235,2,FALSE),"-1") -> 8A | I78: =_xlfn.IFNA(VLOOKUP($C78&","&I3,汇编指令!$C$2:$D$235,2,FALSE),"-1") -> 8B | J78: =_xlfn.IFNA(VLOOKUP($C78&","&J3,汇编指令!$C$2:$D$235,2,FALSE),"-1") -> 8C | K78: =_xlfn.IFNA(VLOOKUP($C78&","&K3,汇编指令!$C$2:$D$235,2,FALSE),"-1") -> 8D | L78: =_xlfn.IFNA(VLOOKUP($C78&","&L3,汇编指令!$C$2:$D$235,2,FALSE),"-1") -> 8E | ... AB78: =_xlfn.IFNA(VLOOKUP($C78&","&AB3,汇编指令!$C$2:$D$235,2,FALSE),"-1") -> -1
A79: 2 | B79: =ROW()-4 -> 75 | C79: MOV,DPTR | D79: =DEC2HEX(B79) -> 4B | E79: =_xlfn.IFNA(VLOOKUP($C79&","&E3,汇编指令!$C$2:$D$235,2,FALSE),"-1") -> -1 | F79: =_xlfn.IFNA(VLOOKUP($C79&","&F3,汇编指令!$C$2:$D$235,2,FALSE),"-1") -> -1 | G79: =_xlfn.IFNA(VLOOKUP($C79&","&G3,汇编指令!$C$2:$D$235,2,FALSE),"-1") -> -1 | H79: =_xlfn.IFNA(VLOOKUP($C79&","&H3,汇编指令!$C$2:$D$235,2,FALSE),"-1") -> -1 | I79: =_xlfn.IFNA(VLOOKUP($C79&","&I3,汇编指令!$C$2:$D$235,2,FALSE),"-1") -> -1 | J79: =_xlfn.IFNA(VLOOKUP($C79&","&J3,汇编指令!$C$2:$D$235,2,FALSE),"-1") -> -1 | K79: =_xlfn.IFNA(VLOOKUP($C79&","&K3,汇编指令!$C$2:$D$235,2,FALSE),"-1") -> -1 | L79: =_xlfn.IFNA(VLOOKUP($C79&","&L3,汇编指令!$C$2:$D$235,2,FALSE),"-1") -> -1 | ... AB79: =_xlfn.IFNA(VLOOKUP($C79&","&AB3,汇编指令!$C$2:$D$235,2,FALSE),"-1") -> -1
A80: 2 | B80: =ROW()-4 -> 76 | C80: MOV,R0 | D80: =DEC2HEX(B80) -> 4C | E80: =_xlfn.IFNA(VLOOKUP($C80&","&E3,汇编指令!$C$2:$D$235,2,FALSE),"-1") -> F8 | F80: =_xlfn.IFNA(VLOOKUP($C80&","&F3,汇编指令!$C$2:$D$235,2,FALSE),"-1") -> -1 | G80: =_xlfn.IFNA(VLOOKUP($C80&","&G3,汇编指令!$C$2:$D$235,2,FALSE),"-1") -> -1 | H80: =_xlfn.IFNA(VLOOKUP($C80&","&H3,汇编指令!$C$2:$D$235,2,FALSE),"-1") -> -1 | I80: =_xlfn.IFNA(VLOOKUP($C80&","&I3,汇编指令!$C$2:$D$235,2,FALSE),"-1") -> -1 | J80: =_xlfn.IFNA(VLOOKUP($C80&","&J3,汇编指令!$C$2:$D$235,2,FALSE),"-1") -> -1 | K80: =_xlfn.IFNA(VLOOKUP($C80&","&K3,汇编指令!$C$2:$D$235,2,FALSE),"-1") -> -1 | L80: =_xlfn.IFNA(VLOOKUP($C80&","&L3,汇编指令!$C$2:$D$235,2,FALSE),"-1") -> -1 | ... AB80: =_xlfn.IFNA(VLOOKUP($C80&","&AB3,汇编指令!$C$2:$D$235,2,FALSE),"-1") -> -1
A81: 2 | B81: =ROW()-4 -> 77 | C81: MOV,R1 | D81: =DEC2HEX(B81) -> 4D | E81: =_xlfn.IFNA(VLOOKUP($C81&","&E3,汇编指令!$C$2:$D$235,2,FALSE),"-1") -> F9 | F81: =_xlfn.IFNA(VLOOKUP($C81&","&F3,汇编指令!$C$2:$D$235,2,FALSE),"-1") -> -1 | G81: =_xlfn.IFNA(VLOOKUP($C81&","&G3,汇编指令!$C$2:$D$235,2,FALSE),"-1") -> -1 | H81: =_xlfn.IFNA(VLOOKUP($C81&","&H3,汇编指令!$C$2:$D$235,2,FALSE),"-1") -> -1 | I81: =_xlfn.IFNA(VLOOKUP($C81&","&I3,汇编指令!$C$2:$D$235,2,FALSE),"-1") -> -1 | J81: =_xlfn.IFNA(VLOOKUP($C81&","&J3,汇编指令!$C$2:$D$235,2,FALSE),"-1") -> -1 | K81: =_xlfn.IFNA(VLOOKUP($C81&","&K3,汇编指令!$C$2:$D$235,2,FALSE),"-1") -> -1 | L81: =_xlfn.IFNA(VLOOKUP($C81&","&L3,汇编指令!$C$2:$D$235,2,FALSE),"-1") -> -1 | ... AB81: =_xlfn.IFNA(VLOOKUP($C81&","&AB3,汇编指令!$C$2:$D$235,2,FALSE),"-1") -> -1
A82: 2 | B82: =ROW()-4 -> 78 | C82: MOV,R2 | D82: =DEC2HEX(B82) -> 4E | E82: =_xlfn.IFNA(VLOOKUP($C82&","&E3,汇编指令!$C$2:$D$235,2,FALSE),"-1") -> FA | F82: =_xlfn.IFNA(VLOOKUP($C82&","&F3,汇编指令!$C$2:$D$235,2,FALSE),"-1") -> -1 | G82: =_xlfn.IFNA(VLOOKUP($C82&","&G3,汇编指令!$C$2:$D$235,2,FALSE),"-1") -> -1 | H82: =_xlfn.IFNA(VLOOKUP($C82&","&H3,汇编指令!$C$2:$D$235,2,FALSE),"-1") -> -1 | I82: =_xlfn.IFNA(VLOOKUP($C82&","&I3,汇编指令!$C$2:$D$235,2,FALSE),"-1") -> -1 | J82: =_xlfn.IFNA(VLOOKUP($C82&","&J3,汇编指令!$C$2:$D$235,2,FALSE),"-1") -> -1 | K82: =_xlfn.IFNA(VLOOKUP($C82&","&K3,汇编指令!$C$2:$D$235,2,FALSE),"-1") -> -1 | L82: =_xlfn.IFNA(VLOOKUP($C82&","&L3,汇编指令!$C$2:$D$235,2,FALSE),"-1") -> -1 | ... AB82: =_xlfn.IFNA(VLOOKUP($C82&","&AB3,汇编指令!$C$2:$D$235,2,FALSE),"-1") -> -1
A83: 2 | B83: =ROW()-4 -> 79 | C83: MOV,R3 | D83: =DEC2HEX(B83) -> 4F | E83: =_xlfn.IFNA(VLOOKUP($C83&","&E3,汇编指令!$C$2:$D$235,2,FALSE),"-1") -> FB | F83: =_xlfn.IFNA(VLOOKUP($C83&","&F3,汇编指令!$C$2:$D$235,2,FALSE),"-1") -> -1 | G83: =_xlfn.IFNA(VLOOKUP($C83&","&G3,汇编指令!$C$2:$D$235,2,FALSE),"-1") -> -1 | H83: =_xlfn.IFNA(VLOOKUP($C83&","&H3,汇编指令!$C$2:$D$235,2,FALSE),"-1") -> -1 | I83: =_xlfn.IFNA(VLOOKUP($C83&","&I3,汇编指令!$C$2:$D$235,2,FALSE),"-1") -> -1 | J83: =_xlfn.IFNA(VLOOKUP($C83&","&J3,汇编指令!$C$2:$D$235,2,FALSE),"-1") -> -1 | K83: =_xlfn.IFNA(VLOOKUP($C83&","&K3,汇编指令!$C$2:$D$235,2,FALSE),"-1") -> -1 | L83: =_xlfn.IFNA(VLOOKUP($C83&","&L3,汇编指令!$C$2:$D$235,2,FALSE),"-1") -> -1 | ... AB83: =_xlfn.IFNA(VLOOKUP($C83&","&AB3,汇编指令!$C$2:$D$235,2,FALSE),"-1") -> -1
A84: 2 | B84: =ROW()-4 -> 80 | C84: MOV,R4 | D84: =DEC2HEX(B84) -> 50 | E84: =_xlfn.IFNA(VLOOKUP($C84&","&E3,汇编指令!$C$2:$D$235,2,FALSE),"-1") -> FC | F84: =_xlfn.IFNA(VLOOKUP($C84&","&F3,汇编指令!$C$2:$D$235,2,FALSE),"-1") -> -1 | G84: =_xlfn.IFNA(VLOOKUP($C84&","&G3,汇编指令!$C$2:$D$235,2,FALSE),"-1") -> -1 | H84: =_xlfn.IFNA(VLOOKUP($C84&","&H3,汇编指令!$C$2:$D$235,2,FALSE),"-1") -> -1 | I84: =_xlfn.IFNA(VLOOKUP($C84&","&I3,汇编指令!$C$2:$D$235,2,FALSE),"-1") -> -1 | J84: =_xlfn.IFNA(VLOOKUP($C84&","&J3,汇编指令!$C$2:$D$235,2,FALSE),"-1") -> -1 | K84: =_xlfn.IFNA(VLOOKUP($C84&","&K3,汇编指令!$C$2:$D$235,2,FALSE),"-1") -> -1 | L84: =_xlfn.IFNA(VLOOKUP($C84&","&L3,汇编指令!$C$2:$D$235,2,FALSE),"-1") -> -1 | ... AB84: =_xlfn.IFNA(VLOOKUP($C84&","&AB3,汇编指令!$C$2:$D$235,2,FALSE),"-1") -> -1
A85: 2 | B85: =ROW()-4 -> 81 | C85: MOV,R5 | D85: =DEC2HEX(B85) -> 51 | E85: =_xlfn.IFNA(VLOOKUP($C85&","&E3,汇编指令!$C$2:$D$235,2,FALSE),"-1") -> FD | F85: =_xlfn.IFNA(VLOOKUP($C85&","&F3,汇编指令!$C$2:$D$235,2,FALSE),"-1") -> -1 | G85: =_xlfn.IFNA(VLOOKUP($C85&","&G3,汇编指令!$C$2:$D$235,2,FALSE),"-1") -> -1 | H85: =_xlfn.IFNA(VLOOKUP($C85&","&H3,汇编指令!$C$2:$D$235,2,FALSE),"-1") -> -1 | I85: =_xlfn.IFNA(VLOOKUP($C85&","&I3,汇编指令!$C$2:$D$235,2,FALSE),"-1") -> -1 | J85: =_xlfn.IFNA(VLOOKUP($C85&","&J3,汇编指令!$C$2:$D$235,2,FALSE),"-1") -> -1 | K85: =_xlfn.IFNA(VLOOKUP($C85&","&K3,汇编指令!$C$2:$D$235,2,FALSE),"-1") -> -1 | L85: =_xlfn.IFNA(VLOOKUP($C85&","&L3,汇编指令!$C$2:$D$235,2,FALSE),"-1") -> -1 | ... AB85: =_xlfn.IFNA(VLOOKUP($C85&","&AB3,汇编指令!$C$2:$D$235,2,FALSE),"-1") -> -1
A86: 2 | B86: =ROW()-4 -> 82 | C86: MOV,R6 | D86: =DEC2HEX(B86) -> 52 | E86: =_xlfn.IFNA(VLOOKUP($C86&","&E3,汇编指令!$C$2:$D$235,2,FALSE),"-1") -> FE | F86: =_xlfn.IFNA(VLOOKUP($C86&","&F3,汇编指令!$C$2:$D$235,2,FALSE),"-1") -> -1 | G86: =_xlfn.IFNA(VLOOKUP($C86&","&G3,汇编指令!$C$2:$D$235,2,FALSE),"-1") -> -1 | H86: =_xlfn.IFNA(VLOOKUP($C86&","&H3,汇编指令!$C$2:$D$235,2,FALSE),"-1") -> -1 | I86: =_xlfn.IFNA(VLOOKUP($C86&","&I3,汇编指令!$C$2:$D$235,2,FALSE),"-1") -> -1 | J86: =_xlfn.IFNA(VLOOKUP($C86&","&J3,汇编指令!$C$2:$D$235,2,FALSE),"-1") -> -1 | K86: =_xlfn.IFNA(VLOOKUP($C86&","&K3,汇编指令!$C$2:$D$235,2,FALSE),"-1") -> -1 | L86: =_xlfn.IFNA(VLOOKUP($C86&","&L3,汇编指令!$C$2:$D$235,2,FALSE),"-1") -> -1 | ... AB86: =_xlfn.IFNA(VLOOKUP($C86&","&AB3,汇编指令!$C$2:$D$235,2,FALSE),"-1") -> -1
A87: 2 | B87: =ROW()-4 -> 83 | C87: MOV,R7 | D87: =DEC2HEX(B87) -> 53 | E87: =_xlfn.IFNA(VLOOKUP($C87&","&E3,汇编指令!$C$2:$D$235,2,FALSE),"-1") -> FF | F87: =_xlfn.IFNA(VLOOKUP($C87&","&F3,汇编指令!$C$2:$D$235,2,FALSE),"-1") -> -1 | G87: =_xlfn.IFNA(VLOOKUP($C87&","&G3,汇编指令!$C$2:$D$235,2,FALSE),"-1") -> -1 | H87: =_xlfn.IFNA(VLOOKUP($C87&","&H3,汇编指令!$C$2:$D$235,2,FALSE),"-1") -> -1 | I87: =_xlfn.IFNA(VLOOKUP($C87&","&I3,汇编指令!$C$2:$D$235,2,FALSE),"-1") -> -1 | J87: =_xlfn.IFNA(VLOOKUP($C87&","&J3,汇编指令!$C$2:$D$235,2,FALSE),"-1") -> -1 | K87: =_xlfn.IFNA(VLOOKUP($C87&","&K3,汇编指令!$C$2:$D$235,2,FALSE),"-1") -> -1 | L87: =_xlfn.IFNA(VLOOKUP($C87&","&L3,汇编指令!$C$2:$D$235,2,FALSE),"-1") -> -1 | ... AB87: =_xlfn.IFNA(VLOOKUP($C87&","&AB3,汇编指令!$C$2:$D$235,2,FALSE),"-1") -> -1
A88: 2 | B88: =ROW()-4 -> 84 | C88: MOVC,A | D88: =DEC2HEX(B88) -> 54 | E88: =_xlfn.IFNA(VLOOKUP($C88&","&E3,汇编指令!$C$2:$D$235,2,FALSE),"-1") -> -1 | F88: =_xlfn.IFNA(VLOOKUP($C88&","&F3,汇编指令!$C$2:$D$235,2,FALSE),"-1") -> -1 | G88: =_xlfn.IFNA(VLOOKUP($C88&","&G3,汇编指令!$C$2:$D$235,2,FALSE),"-1") -> -1 | H88: =_xlfn.IFNA(VLOOKUP($C88&","&H3,汇编指令!$C$2:$D$235,2,FALSE),"-1") -> -1 | I88: =_xlfn.IFNA(VLOOKUP($C88&","&I3,汇编指令!$C$2:$D$235,2,FALSE),"-1") -> -1 | J88: =_xlfn.IFNA(VLOOKUP($C88&","&J3,汇编指令!$C$2:$D$235,2,FALSE),"-1") -> -1 | K88: =_xlfn.IFNA(VLOOKUP($C88&","&K3,汇编指令!$C$2:$D$235,2,FALSE),"-1") -> -1 | L88: =_xlfn.IFNA(VLOOKUP($C88&","&L3,汇编指令!$C$2:$D$235,2,FALSE),"-1") -> -1 | ... AB88: =_xlfn.IFNA(VLOOKUP($C88&","&AB3,汇编指令!$C$2:$D$235,2,FALSE),"-1") -> -1
A89: 2 | B89: =ROW()-4 -> 85 | C89: MOVX,@DPTR | D89: =DEC2HEX(B89) -> 55 | E89: =_xlfn.IFNA(VLOOKUP($C89&","&E3,汇编指令!$C$2:$D$235,2,FALSE),"-1") -> F0 | F89: =_xlfn.IFNA(VLOOKUP($C89&","&F3,汇编指令!$C$2:$D$235,2,FALSE),"-1") -> -1 | G89: =_xlfn.IFNA(VLOOKUP($C89&","&G3,汇编指令!$C$2:$D$235,2,FALSE),"-1") -> -1 | H89: =_xlfn.IFNA(VLOOKUP($C89&","&H3,汇编指令!$C$2:$D$235,2,FALSE),"-1") -> -1 | I89: =_xlfn.IFNA(VLOOKUP($C89&","&I3,汇编指令!$C$2:$D$235,2,FALSE),"-1") -> -1 | J89: =_xlfn.IFNA(VLOOKUP($C89&","&J3,汇编指令!$C$2:$D$235,2,FALSE),"-1") -> -1 | K89: =_xlfn.IFNA(VLOOKUP($C89&","&K3,汇编指令!$C$2:$D$235,2,FALSE),"-1") -> -1 | L89: =_xlfn.IFNA(VLOOKUP($C89&","&L3,汇编指令!$C$2:$D$235,2,FALSE),"-1") -> -1 | ... AB89: =_xlfn.IFNA(VLOOKUP($C89&","&AB3,汇编指令!$C$2:$D$235,2,FALSE),"-1") -> -1
A90: 2 | B90: =ROW()-4 -> 86 | C90: MOVX,@R0 | D90: =DEC2HEX(B90) -> 56 | E90: =_xlfn.IFNA(VLOOKUP($C90&","&E3,汇编指令!$C$2:$D$235,2,FALSE),"-1") -> F2 | F90: =_xlfn.IFNA(VLOOKUP($C90&","&F3,汇编指令!$C$2:$D$235,2,FALSE),"-1") -> -1 | G90: =_xlfn.IFNA(VLOOKUP($C90&","&G3,汇编指令!$C$2:$D$235,2,FALSE),"-1") -> -1 | H90: =_xlfn.IFNA(VLOOKUP($C90&","&H3,汇编指令!$C$2:$D$235,2,FALSE),"-1") -> -1 | I90: =_xlfn.IFNA(VLOOKUP($C90&","&I3,汇编指令!$C$2:$D$235,2,FALSE),"-1") -> -1 | J90: =_xlfn.IFNA(VLOOKUP($C90&","&J3,汇编指令!$C$2:$D$235,2,FALSE),"-1") -> -1 | K90: =_xlfn.IFNA(VLOOKUP($C90&","&K3,汇编指令!$C$2:$D$235,2,FALSE),"-1") -> -1 | L90: =_xlfn.IFNA(VLOOKUP($C90&","&L3,汇编指令!$C$2:$D$235,2,FALSE),"-1") -> -1 | ... AB90: =_xlfn.IFNA(VLOOKUP($C90&","&AB3,汇编指令!$C$2:$D$235,2,FALSE),"-1") -> -1
A91: 2 | B91: =ROW()-4 -> 87 | C91: MOVX,@R1 | D91: =DEC2HEX(B91) -> 57 | E91: =_xlfn.IFNA(VLOOKUP($C91&","&E3,汇编指令!$C$2:$D$235,2,FALSE),"-1") -> F3 | F91: =_xlfn.IFNA(VLOOKUP($C91&","&F3,汇编指令!$C$2:$D$235,2,FALSE),"-1") -> -1 | G91: =_xlfn.IFNA(VLOOKUP($C91&","&G3,汇编指令!$C$2:$D$235,2,FALSE),"-1") -> -1 | H91: =_xlfn.IFNA(VLOOKUP($C91&","&H3,汇编指令!$C$2:$D$235,2,FALSE),"-1") -> -1 | I91: =_xlfn.IFNA(VLOOKUP($C91&","&I3,汇编指令!$C$2:$D$235,2,FALSE),"-1") -> -1 | J91: =_xlfn.IFNA(VLOOKUP($C91&","&J3,汇编指令!$C$2:$D$235,2,FALSE),"-1") -> -1 | K91: =_xlfn.IFNA(VLOOKUP($C91&","&K3,汇编指令!$C$2:$D$235,2,FALSE),"-1") -> -1 | L91: =_xlfn.IFNA(VLOOKUP($C91&","&L3,汇编指令!$C$2:$D$235,2,FALSE),"-1") -> -1 | ... AB91: =_xlfn.IFNA(VLOOKUP($C91&","&AB3,汇编指令!$C$2:$D$235,2,FALSE),"-1") -> -1
A92: 2 | B92: =ROW()-4 -> 88 | C92: MOVX,A | D92: =DEC2HEX(B92) -> 58 | E92: =_xlfn.IFNA(VLOOKUP($C92&","&E3,汇编指令!$C$2:$D$235,2,FALSE),"-1") -> -1 | F92: =_xlfn.IFNA(VLOOKUP($C92&","&F3,汇编指令!$C$2:$D$235,2,FALSE),"-1") -> -1 | G92: =_xlfn.IFNA(VLOOKUP($C92&","&G3,汇编指令!$C$2:$D$235,2,FALSE),"-1") -> -1 | H92: =_xlfn.IFNA(VLOOKUP($C92&","&H3,汇编指令!$C$2:$D$235,2,FALSE),"-1") -> -1 | I92: =_xlfn.IFNA(VLOOKUP($C92&","&I3,汇编指令!$C$2:$D$235,2,FALSE),"-1") -> -1 | J92: =_xlfn.IFNA(VLOOKUP($C92&","&J3,汇编指令!$C$2:$D$235,2,FALSE),"-1") -> -1 | K92: =_xlfn.IFNA(VLOOKUP($C92&","&K3,汇编指令!$C$2:$D$235,2,FALSE),"-1") -> -1 | L92: =_xlfn.IFNA(VLOOKUP($C92&","&L3,汇编指令!$C$2:$D$235,2,FALSE),"-1") -> -1 | ... AB92: =_xlfn.IFNA(VLOOKUP($C92&","&AB3,汇编指令!$C$2:$D$235,2,FALSE),"-1") -> -1
A93: 2 | B93: =ROW()-4 -> 89 | C93: ORL,A | D93: =DEC2HEX(B93) -> 59 | E93: =_xlfn.IFNA(VLOOKUP($C93&","&E3,汇编指令!$C$2:$D$235,2,FALSE),"-1") -> -1 | F93: =_xlfn.IFNA(VLOOKUP($C93&","&F3,汇编指令!$C$2:$D$235,2,FALSE),"-1") -> 48 | G93: =_xlfn.IFNA(VLOOKUP($C93&","&G3,汇编指令!$C$2:$D$235,2,FALSE),"-1") -> 49 | H93: =_xlfn.IFNA(VLOOKUP($C93&","&H3,汇编指令!$C$2:$D$235,2,FALSE),"-1") -> 4A | I93: =_xlfn.IFNA(VLOOKUP($C93&","&I3,汇编指令!$C$2:$D$235,2,FALSE),"-1") -> 4B | J93: =_xlfn.IFNA(VLOOKUP($C93&","&J3,汇编指令!$C$2:$D$235,2,FALSE),"-1") -> 4C | K93: =_xlfn.IFNA(VLOOKUP($C93&","&K3,汇编指令!$C$2:$D$235,2,FALSE),"-1") -> 4D | L93: =_xlfn.IFNA(VLOOKUP($C93&","&L3,汇编指令!$C$2:$D$235,2,FALSE),"-1") -> 4E | ... AB93: =_xlfn.IFNA(VLOOKUP($C93&","&AB3,汇编指令!$C$2:$D$235,2,FALSE),"-1") -> -1
A94: 2 | B94: =ROW()-4 -> 90 | C94: ORL,C | D94: =DEC2HEX(B94) -> 5A | E94: =_xlfn.IFNA(VLOOKUP($C94&","&E3,汇编指令!$C$2:$D$235,2,FALSE),"-1") -> -1 | F94: =_xlfn.IFNA(VLOOKUP($C94&","&F3,汇编指令!$C$2:$D$235,2,FALSE),"-1") -> -1 | G94: =_xlfn.IFNA(VLOOKUP($C94&","&G3,汇编指令!$C$2:$D$235,2,FALSE),"-1") -> -1 | H94: =_xlfn.IFNA(VLOOKUP($C94&","&H3,汇编指令!$C$2:$D$235,2,FALSE),"-1") -> -1 | I94: =_xlfn.IFNA(VLOOKUP($C94&","&I3,汇编指令!$C$2:$D$235,2,FALSE),"-1") -> -1 | J94: =_xlfn.IFNA(VLOOKUP($C94&","&J3,汇编指令!$C$2:$D$235,2,FALSE),"-1") -> -1 | K94: =_xlfn.IFNA(VLOOKUP($C94&","&K3,汇编指令!$C$2:$D$235,2,FALSE),"-1") -> -1 | L94: =_xlfn.IFNA(VLOOKUP($C94&","&L3,汇编指令!$C$2:$D$235,2,FALSE),"-1") -> -1 | ... AB94: =_xlfn.IFNA(VLOOKUP($C94&","&AB3,汇编指令!$C$2:$D$235,2,FALSE),"-1") -> A0
A95: 2 | B95: =ROW()-4 -> 91 | C95: ORL,direct | D95: =DEC2HEX(B95) -> 5B | E95: =_xlfn.IFNA(VLOOKUP($C95&","&E3,汇编指令!$C$2:$D$235,2,FALSE),"-1") -> -1 | F95: =_xlfn.IFNA(VLOOKUP($C95&","&F3,汇编指令!$C$2:$D$235,2,FALSE),"-1") -> -1 | G95: =_xlfn.IFNA(VLOOKUP($C95&","&G3,汇编指令!$C$2:$D$235,2,FALSE),"-1") -> -1 | H95: =_xlfn.IFNA(VLOOKUP($C95&","&H3,汇编指令!$C$2:$D$235,2,FALSE),"-1") -> -1 | I95: =_xlfn.IFNA(VLOOKUP($C95&","&I3,汇编指令!$C$2:$D$235,2,FALSE),"-1") -> -1 | J95: =_xlfn.IFNA(VLOOKUP($C95&","&J3,汇编指令!$C$2:$D$235,2,FALSE),"-1") -> -1 | K95: =_xlfn.IFNA(VLOOKUP($C95&","&K3,汇编指令!$C$2:$D$235,2,FALSE),"-1") -> -1 | L95: =_xlfn.IFNA(VLOOKUP($C95&","&L3,汇编指令!$C$2:$D$235,2,FALSE),"-1") -> -1 | ... AB95: =_xlfn.IFNA(VLOOKUP($C95&","&AB3,汇编指令!$C$2:$D$235,2,FALSE),"-1") -> -1
A96: 2 | B96: =ROW()-4 -> 92 | C96: SUBB,A | D96: =DEC2HEX(B96) -> 5C | E96: =_xlfn.IFNA(VLOOKUP($C96&","&E3,汇编指令!$C$2:$D$235,2,FALSE),"-1") -> -1 | F96: =_xlfn.IFNA(VLOOKUP($C96&","&F3,汇编指令!$C$2:$D$235,2,FALSE),"-1") -> 98 | G96: =_xlfn.IFNA(VLOOKUP($C96&","&G3,汇编指令!$C$2:$D$235,2,FALSE),"-1") -> 99 | H96: =_xlfn.IFNA(VLOOKUP($C96&","&H3,汇编指令!$C$2:$D$235,2,FALSE),"-1") -> 9A | I96: =_xlfn.IFNA(VLOOKUP($C96&","&I3,汇编指令!$C$2:$D$235,2,FALSE),"-1") -> 9B | J96: =_xlfn.IFNA(VLOOKUP($C96&","&J3,汇编指令!$C$2:$D$235,2,FALSE),"-1") -> 9C | K96: =_xlfn.IFNA(VLOOKUP($C96&","&K3,汇编指令!$C$2:$D$235,2,FALSE),"-1") -> 9D | L96: =_xlfn.IFNA(VLOOKUP($C96&","&L3,汇编指令!$C$2:$D$235,2,FALSE),"-1") -> 9E | ... AB96: =_xlfn.IFNA(VLOOKUP($C96&","&AB3,汇编指令!$C$2:$D$235,2,FALSE),"-1") -> -1
A97: 2 | B97: =ROW()-4 -> 93 | C97: XCH,A | D97: =DEC2HEX(B97) -> 5D | E97: =_xlfn.IFNA(VLOOKUP($C97&","&E3,汇编指令!$C$2:$D$235,2,FALSE),"-1") -> -1 | F97: =_xlfn.IFNA(VLOOKUP($C97&","&F3,汇编指令!$C$2:$D$235,2,FALSE),"-1") -> C8 | G97: =_xlfn.IFNA(VLOOKUP($C97&","&G3,汇编指令!$C$2:$D$235,2,FALSE),"-1") -> C9 | H97: =_xlfn.IFNA(VLOOKUP($C97&","&H3,汇编指令!$C$2:$D$235,2,FALSE),"-1") -> CA | I97: =_xlfn.IFNA(VLOOKUP($C97&","&I3,汇编指令!$C$2:$D$235,2,FALSE),"-1") -> CB | J97: =_xlfn.IFNA(VLOOKUP($C97&","&J3,汇编指令!$C$2:$D$235,2,FALSE),"-1") -> CC | K97: =_xlfn.IFNA(VLOOKUP($C97&","&K3,汇编指令!$C$2:$D$235,2,FALSE),"-1") -> CD | L97: =_xlfn.IFNA(VLOOKUP($C97&","&L3,汇编指令!$C$2:$D$235,2,FALSE),"-1") -> CE | ... AB97: =_xlfn.IFNA(VLOOKUP($C97&","&AB3,汇编指令!$C$2:$D$235,2,FALSE),"-1") -> -1
A98: 2 | B98: =ROW()-4 -> 94 | C98: XCHD,A | D98: =DEC2HEX(B98) -> 5E | E98: =_xlfn.IFNA(VLOOKUP($C98&","&E3,汇编指令!$C$2:$D$235,2,FALSE),"-1") -> -1 | F98: =_xlfn.IFNA(VLOOKUP($C98&","&F3,汇编指令!$C$2:$D$235,2,FALSE),"-1") -> -1 | G98: =_xlfn.IFNA(VLOOKUP($C98&","&G3,汇编指令!$C$2:$D$235,2,FALSE),"-1") -> -1 | H98: =_xlfn.IFNA(VLOOKUP($C98&","&H3,汇编指令!$C$2:$D$235,2,FALSE),"-1") -> -1 | I98: =_xlfn.IFNA(VLOOKUP($C98&","&I3,汇编指令!$C$2:$D$235,2,FALSE),"-1") -> -1 | J98: =_xlfn.IFNA(VLOOKUP($C98&","&J3,汇编指令!$C$2:$D$235,2,FALSE),"-1") -> -1 | K98: =_xlfn.IFNA(VLOOKUP($C98&","&K3,汇编指令!$C$2:$D$235,2,FALSE),"-1") -> -1 | L98: =_xlfn.IFNA(VLOOKUP($C98&","&L3,汇编指令!$C$2:$D$235,2,FALSE),"-1") -> -1 | ... AB98: =_xlfn.IFNA(VLOOKUP($C98&","&AB3,汇编指令!$C$2:$D$235,2,FALSE),"-1") -> -1
A99: 2 | B99: =ROW()-4 -> 95 | C99: XRL,A | D99: =DEC2HEX(B99) -> 5F | E99: =_xlfn.IFNA(VLOOKUP($C99&","&E3,汇编指令!$C$2:$D$235,2,FALSE),"-1") -> -1 | F99: =_xlfn.IFNA(VLOOKUP($C99&","&F3,汇编指令!$C$2:$D$235,2,FALSE),"-1") -> 68 | G99: =_xlfn.IFNA(VLOOKUP($C99&","&G3,汇编指令!$C$2:$D$235,2,FALSE),"-1") -> 69 | H99: =_xlfn.IFNA(VLOOKUP($C99&","&H3,汇编指令!$C$2:$D$235,2,FALSE),"-1") -> 6A | I99: =_xlfn.IFNA(VLOOKUP($C99&","&I3,汇编指令!$C$2:$D$235,2,FALSE),"-1") -> 6B | J99: =_xlfn.IFNA(VLOOKUP($C99&","&J3,汇编指令!$C$2:$D$235,2,FALSE),"-1") -> 6C | K99: =_xlfn.IFNA(VLOOKUP($C99&","&K3,汇编指令!$C$2:$D$235,2,FALSE),"-1") -> 6D | L99: =_xlfn.IFNA(VLOOKUP($C99&","&L3,汇编指令!$C$2:$D$235,2,FALSE),"-1") -> 6E | ... AB99: =_xlfn.IFNA(VLOOKUP($C99&","&AB3,汇编指令!$C$2:$D$235,2,FALSE),"-1") -> -1
A100: 2 | B100: =ROW()-4 -> 96 | C100: XRL,direct | D100: =DEC2HEX(B100) -> 60 | E100: =_xlfn.IFNA(VLOOKUP($C100&","&E3,汇编指令!$C$2:$D$235,2,FALSE),"-1") -> -1 | F100: =_xlfn.IFNA(VLOOKUP($C100&","&F3,汇编指令!$C$2:$D$235,2,FALSE),"-1") -> -1 | G100: =_xlfn.IFNA(VLOOKUP($C100&","&G3,汇编指令!$C$2:$D$235,2,FALSE),"-1") -> -1 | H100: =_xlfn.IFNA(VLOOKUP($C100&","&H3,汇编指令!$C$2:$D$235,2,FALSE),"-1") -> -1 | I100: =_xlfn.IFNA(VLOOKUP($C100&","&I3,汇编指令!$C$2:$D$235,2,FALSE),"-1") -> -1 | J100: =_xlfn.IFNA(VLOOKUP($C100&","&J3,汇编指令!$C$2:$D$235,2,FALSE),"-1") -> -1 | K100: =_xlfn.IFNA(VLOOKUP($C100&","&K3,汇编指令!$C$2:$D$235,2,FALSE),"-1") -> -1 | L100: =_xlfn.IFNA(VLOOKUP($C100&","&L3,汇编指令!$C$2:$D$235,2,FALSE),"-1") -> -1 | ... AB100: =_xlfn.IFNA(VLOOKUP($C100&","&AB3,汇编指令!$C$2:$D$235,2,FALSE),"-1") -> -1
...

Sheet 汇编指令字节数表
A1: direct 表示直接寻址（00H-FFH），#data 表示立即数（00H-FFH），#data16 表示16位立即数（0000H-FFFFH） rel 表示相对地址（-128~127），addr11 表示11位地址（0000H-07FFH），addr16 表示16位地址（0000H-FFFFH）
E2: =COLUMN()-3 -> 2 | F2: =COLUMN()-3 -> 3 | G2: =COLUMN()-3 -> 4 | H2: =COLUMN()-3 -> 5 | I2: =COLUMN()-3 -> 6 | J2: =COLUMN()-3 -> 7 | K2: =COLUMN()-3 -> 8 | L2: =COLUMN()-3 -> 9 | ... AB2: =COLUMN()-3 -> 25
A3: 参数个数 | C3: 命令 | E3: A | F3: R0 | G3: R1 | H3: R2 | I3: R3 | J3: R4 | K3: R5 | L3: R6 | M3: R7 | N3: #data | O3: direct | P3: @R0 | Q3: @R1 | R3: DPTR | S3: #data16 | T3: @A+PC | U3: @A+DPTR | V3: @DPTR | W3: addr16 | X3: rel | Y3: bit | Z3: C | AA3: AB | AB3: /bit
A4: 0 | B4: =ROW()-4 -> 0 | C4: NOP | D4: =DEC2HEX(B4) -> 0 | E4: =_xlfn.IFNA(VLOOKUP($C4&","&E3,$C$69:$D$112,2,FALSE),"-1") -> -1 | F4: =_xlfn.IFNA(VLOOKUP($C4&","&F3,$C$69:$D$112,2,FALSE),"-1") -> -1 | G4: =_xlfn.IFNA(VLOOKUP($C4&","&G3,$C$69:$D$112,2,FALSE),"-1") -> -1 | H4: =_xlfn.IFNA(VLOOKUP($C4&","&H3,$C$69:$D$112,2,FALSE),"-1") -> -1 | I4: =_xlfn.IFNA(VLOOKUP($C4&","&I3,$C$69:$D$112,2,FALSE),"-1") -> -1 | J4: =_xlfn.IFNA(VLOOKUP($C4&","&J3,$C$69:$D$112,2,FALSE),"-1") -> -1 | K4: =_xlfn.IFNA(VLOOKUP($C4&","&K3,$C$69:$D$112,2,FALSE),"-1") -> -1 | L4: =_xlfn.IFNA(VLOOKUP($C4&","&L3,$C$69:$D$112,2,FALSE),"-1") -> -1 | ... AB4: =_xlfn.IFNA(VLOOKUP($C4&","&AB3,$C$69:$D$112,2,FALSE),"-1") -> -1 | AC4: 0
A5: 0 | B5: =ROW()-4 -> 1 | C5: RET | D5: =DEC2HEX(B5) -> 1 | E5: =_xlfn.IFNA(VLOOKUP($C5&","&E3,$C$69:$D$112,2,FALSE),"-1") -> -1 | F5: =_xlfn.IFNA(VLOOKUP($C5&","&F3,$C$69:$D$112,2,FALSE),"-1") -> -1 | G5: =_xlfn.IFNA(VLOOKUP($C5&","&G3,$C$69:$D$112,2,FALSE),"-1") -> -1 | H5: =_xlfn.IFNA(VLOOKUP($C5&","&H3,$C$69:$D$112,2,FALSE),"-1") -> -1 | I5: =_xlfn.IFNA(VLOOKUP($C5&","&I3,$C$69:$D$112,2,FALSE),"-1") -> -1 | J5: =_xlfn.IFNA(VLOOKUP($C5&","&J3,$C$69:$D$112,2,FALSE),"-1") -> -1 | K5: =_xlfn.IFNA(VLOOKUP($C5&","&K3,$C$69:$D$112,2,FALSE),"-1") -> -1 | L5: =_xlfn.IFNA(VLOOKUP($C5&","&L3,$C$69:$D$112,2,FALSE),"-1") -> -1 | ... AB5: =_xlfn.IFNA(VLOOKUP($C5&","&AB3,$C$69:$D$112,2,FALSE),"-1") -> -1 | AC5: 22
A6: 0 | B6: =ROW()-4 -> 2 | C6: RETI | D6: =DEC2HEX(B6) -> 2 | E6: =_xlfn.IFNA(VLOOKUP($C6&","&E3,$C$69:$D$112,2,FALSE),"-1") -> -1 | F6: =_xlfn.IFNA(VLOOKUP($C6&","&F3,$C$69:$D$112,2,FALSE),"-1") -> -1 | G6: =_xlfn.IFNA(VLOOKUP($C6&","&G3,$C$69:$D$112,2,FALSE),"-1") -> -1 | H6: =_xlfn.IFNA(VLOOKUP($C6&","&H3,$C$69:$D$112,2,FALSE),"-1") -> -1 | I6: =_xlfn.IFNA(VLOOKUP($C6&","&I3,$C$69:$D$112,2,FALSE),"-1") -> -1 | J6: =_xlfn.IFNA(VLOOKUP($C6&","&J3,$C$69:$D$112,2,FALSE),"-1") -> -1 | K6: =_xlfn.IFNA(VLOOKUP($C6&","&K3,$C$69:$D$112,2,FALSE),"-1") -> -1 | L6: =_xlfn.IFNA(VLOOKUP($C6&","&L3,$C$69:$D$112,2,FALSE),"-1") -> -1 | ... AB6: =_xlfn.IFNA(VLOOKUP($C6&","&AB3,$C$69:$D$112,2,FALSE),"-1") -> -1 | AC6: 32
A7: 2 | B7: =ROW()-4 -> 3 | C7: ADD | D7: =DEC2HEX(B7) -> 3 | E7: =_xlfn.IFNA(VLOOKUP($C7&","&E3,$C$34:$D$112,2,FALSE),"-1") -> 35 | F7: =_xlfn.IFNA(VLOOKUP($C7&","&F3,$C$34:$D$112,2,FALSE),"-1") -> -1 | G7: =_xlfn.IFNA(VLOOKUP($C7&","&G3,$C$34:$D$112,2,FALSE),"-1") -> -1 | H7: =_xlfn.IFNA(VLOOKUP($C7&","&H3,$C$34:$D$112,2,FALSE),"-1") -> -1 | I7: =_xlfn.IFNA(VLOOKUP($C7&","&I3,$C$34:$D$112,2,FALSE),"-1") -> -1 | J7: =_xlfn.IFNA(VLOOKUP($C7&","&J3,$C$34:$D$112,2,FALSE),"-1") -> -1 | K7: =_xlfn.IFNA(VLOOKUP($C7&","&K3,$C$34:$D$112,2,FALSE),"-1") -> -1 | L7: =_xlfn.IFNA(VLOOKUP($C7&","&L3,$C$34:$D$112,2,FALSE),"-1") -> -1 | ... AB7: =_xlfn.IFNA(VLOOKUP($C7&","&AB3,$C$34:$D$112,2,FALSE),"-1") -> -1
A8: 2 | B8: =ROW()-4 -> 4 | C8: ADDC | D8: =DEC2HEX(B8) -> 4 | E8: =_xlfn.IFNA(VLOOKUP($C8&","&E3,$C$34:$D$112,2,FALSE),"-1") -> 36 | F8: =_xlfn.IFNA(VLOOKUP($C8&","&F3,$C$34:$D$112,2,FALSE),"-1") -> -1 | G8: =_xlfn.IFNA(VLOOKUP($C8&","&G3,$C$34:$D$112,2,FALSE),"-1") -> -1 | H8: =_xlfn.IFNA(VLOOKUP($C8&","&H3,$C$34:$D$112,2,FALSE),"-1") -> -1 | I8: =_xlfn.IFNA(VLOOKUP($C8&","&I3,$C$34:$D$112,2,FALSE),"-1") -> -1 | J8: =_xlfn.IFNA(VLOOKUP($C8&","&J3,$C$34:$D$112,2,FALSE),"-1") -> -1 | K8: =_xlfn.IFNA(VLOOKUP($C8&","&K3,$C$34:$D$112,2,FALSE),"-1") -> -1 | L8: =_xlfn.IFNA(VLOOKUP($C8&","&L3,$C$34:$D$112,2,FALSE),"-1") -> -1 | ... AB8: =_xlfn.IFNA(VLOOKUP($C8&","&AB3,$C$34:$D$112,2,FALSE),"-1") -> -1
A9: 2 | B9: =ROW()-4 -> 5 | C9: ANL | D9: =DEC2HEX(B9) -> 5 | E9: =_xlfn.IFNA(VLOOKUP($C9&","&E3,$C$34:$D$112,2,FALSE),"-1") -> 37 | F9: =_xlfn.IFNA(VLOOKUP($C9&","&F3,$C$34:$D$112,2,FALSE),"-1") -> -1 | G9: =_xlfn.IFNA(VLOOKUP($C9&","&G3,$C$34:$D$112,2,FALSE),"-1") -> -1 | H9: =_xlfn.IFNA(VLOOKUP($C9&","&H3,$C$34:$D$112,2,FALSE),"-1") -> -1 | I9: =_xlfn.IFNA(VLOOKUP($C9&","&I3,$C$34:$D$112,2,FALSE),"-1") -> -1 | J9: =_xlfn.IFNA(VLOOKUP($C9&","&J3,$C$34:$D$112,2,FALSE),"-1") -> -1 | K9: =_xlfn.IFNA(VLOOKUP($C9&","&K3,$C$34:$D$112,2,FALSE),"-1") -> -1 | L9: =_xlfn.IFNA(VLOOKUP($C9&","&L3,$C$34:$D$112,2,FALSE),"-1") -> -1 | ... AB9: =_xlfn.IFNA(VLOOKUP($C9&","&AB3,$C$34:$D$112,2,FALSE),"-1") -> -1
A10: 2 | B10: =ROW()-4 -> 6 | C10: DJNZ | D10: =DEC2HEX(B10) -> 6 | E10: =_xlfn.IFNA(VLOOKUP($C10&","&E3,$C$34:$D$112,2,FALSE),"-1") -> -1 | F10: =_xlfn.IFNA(VLOOKUP($C10&","&F3,$C$34:$D$112,2,FALSE),"-1") -> 3A | G10: =_xlfn.IFNA(VLOOKUP($C10&","&G3,$C$34:$D$112,2,FALSE),"-1") -> 3B | H10: =_xlfn.IFNA(VLOOKUP($C10&","&H3,$C$34:$D$112,2,FALSE),"-1") -> 3C | I10: =_xlfn.IFNA(VLOOKUP($C10&","&I3,$C$34:$D$112,2,FALSE),"-1") -> 3D | J10: =_xlfn.IFNA(VLOOKUP($C10&","&J3,$C$34:$D$112,2,FALSE),"-1") -> 3E | K10: =_xlfn.IFNA(VLOOKUP($C10&","&K3,$C$34:$D$112,2,FALSE),"-1") -> 3F | L10: =_xlfn.IFNA(VLOOKUP($C10&","&L3,$C$34:$D$112,2,FALSE),"-1") -> 40 | ... AB10: =_xlfn.IFNA(VLOOKUP($C10&","&AB3,$C$34:$D$112,2,FALSE),"-1") -> -1
A11: 2 | B11: =ROW()-4 -> 7 | C11: JB | D11: =DEC2HEX(B11) -> 7 | E11: =_xlfn.IFNA(VLOOKUP($C11&","&E3,$C$34:$D$112,2,FALSE),"-1") -> -1 | F11: =_xlfn.IFNA(VLOOKUP($C11&","&F3,$C$34:$D$112,2,FALSE),"-1") -> -1 | G11: =_xlfn.IFNA(VLOOKUP($C11&","&G3,$C$34:$D$112,2,FALSE),"-1") -> -1 | H11: =_xlfn.IFNA(VLOOKUP($C11&","&H3,$C$34:$D$112,2,FALSE),"-1") -> -1 | I11: =_xlfn.IFNA(VLOOKUP($C11&","&I3,$C$34:$D$112,2,FALSE),"-1") -> -1 | J11: =_xlfn.IFNA(VLOOKUP($C11&","&J3,$C$34:$D$112,2,FALSE),"-1") -> -1 | K11: =_xlfn.IFNA(VLOOKUP($C11&","&K3,$C$34:$D$112,2,FALSE),"-1") -> -1 | L11: =_xlfn.IFNA(VLOOKUP($C11&","&L3,$C$34:$D$112,2,FALSE),"-1") -> -1 | ... AB11: =_xlfn.IFNA(VLOOKUP($C11&","&AB3,$C$34:$D$112,2,FALSE),"-1") -> -1
A12: 2 | B12: =ROW()-4 -> 8 | C12: JBC | D12: =DEC2HEX(B12) -> 8 | E12: =_xlfn.IFNA(VLOOKUP($C12&","&E3,$C$34:$D$112,2,FALSE),"-1") -> -1 | F12: =_xlfn.IFNA(VLOOKUP($C12&","&F3,$C$34:$D$112,2,FALSE),"-1") -> -1 | G12: =_xlfn.IFNA(VLOOKUP($C12&","&G3,$C$34:$D$112,2,FALSE),"-1") -> -1 | H12: =_xlfn.IFNA(VLOOKUP($C12&","&H3,$C$34:$D$112,2,FALSE),"-1") -> -1 | I12: =_xlfn.IFNA(VLOOKUP($C12&","&I3,$C$34:$D$112,2,FALSE),"-1") -> -1 | J12: =_xlfn.IFNA(VLOOKUP($C12&","&J3,$C$34:$D$112,2,FALSE),"-1") -> -1 | K12: =_xlfn.IFNA(VLOOKUP($C12&","&K3,$C$34:$D$112,2,FALSE),"-1") -> -1 | L12: =_xlfn.IFNA(VLOOKUP($C12&","&L3,$C$34:$D$112,2,FALSE),"-1") -> -1 | ... AB12: =_xlfn.IFNA(VLOOKUP($C12&","&AB3,$C$34:$D$112,2,FALSE),"-1") -> -1
A13: 2 | B13: =ROW()-4 -> 9 | C13: JNB | D13: =DEC2HEX(B13) -> 9 | E13: =_xlfn.IFNA(VLOOKUP($C13&","&E3,$C$34:$D$112,2,FALSE),"-1") -> -1 | F13: =_xlfn.IFNA(VLOOKUP($C13&","&F3,$C$34:$D$112,2,FALSE),"-1") -> -1 | G13: =_xlfn.IFNA(VLOOKUP($C13&","&G3,$C$34:$D$112,2,FALSE),"-1") -> -1 | H13: =_xlfn.IFNA(VLOOKUP($C13&","&H3,$C$34:$D$112,2,FALSE),"-1") -> -1 | I13: =_xlfn.IFNA(VLOOKUP($C13&","&I3,$C$34:$D$112,2,FALSE),"-1") -> -1 | J13: =_xlfn.IFNA(VLOOKUP($C13&","&J3,$C$34:$D$112,2,FALSE),"-1") -> -1 | K13: =_xlfn.IFNA(VLOOKUP($C13&","&K3,$C$34:$D$112,2,FALSE),"-1") -> -1 | L13: =_xlfn.IFNA(VLOOKUP($C13&","&L3,$C$34:$D$112,2,FALSE),"-1") -> -1 | ... AB13: =_xlfn.IFNA(VLOOKUP($C13&","&AB3,$C$34:$D$112,2,FALSE),"-1") -> -1
A14: 2 | B14: =ROW()-4 -> 10 | C14: MOV | D14: =DEC2HEX(B14) -> A | E14: =_xlfn.IFNA(VLOOKUP($C14&","&E3,$C$34:$D$112,2,FALSE),"-1") -> 47 | F14: =_xlfn.IFNA(VLOOKUP($C14&","&F3,$C$34:$D$112,2,FALSE),"-1") -> 4C | G14: =_xlfn.IFNA(VLOOKUP($C14&","&G3,$C$34:$D$112,2,FALSE),"-1") -> 4D | H14: =_xlfn.IFNA(VLOOKUP($C14&","&H3,$C$34:$D$112,2,FALSE),"-1") -> 4E | I14: =_xlfn.IFNA(VLOOKUP($C14&","&I3,$C$34:$D$112,2,FALSE),"-1") -> 4F | J14: =_xlfn.IFNA(VLOOKUP($C14&","&J3,$C$34:$D$112,2,FALSE),"-1") -> 50 | K14: =_xlfn.IFNA(VLOOKUP($C14&","&K3,$C$34:$D$112,2,FALSE),"-1") -> 51 | L14: =_xlfn.IFNA(VLOOKUP($C14&","&L3,$C$34:$D$112,2,FALSE),"-1") -> 52 | ... AB14: =_xlfn.IFNA(VLOOKUP($C14&","&AB3,$C$34:$D$112,2,FALSE),"-1") -> -1
A15: 2 | B15: =ROW()-4 -> 11 | C15: MOVC | D15: =DEC2HEX(B15) -> B | E15: =_xlfn.IFNA(VLOOKUP($C15&","&E3,$C$34:$D$112,2,FALSE),"-1") -> 54 | F15: =_xlfn.IFNA(VLOOKUP($C15&","&F3,$C$34:$D$112,2,FALSE),"-1") -> -1 | G15: =_xlfn.IFNA(VLOOKUP($C15&","&G3,$C$34:$D$112,2,FALSE),"-1") -> -1 | H15: =_xlfn.IFNA(VLOOKUP($C15&","&H3,$C$34:$D$112,2,FALSE),"-1") -> -1 | I15: =_xlfn.IFNA(VLOOKUP($C15&","&I3,$C$34:$D$112,2,FALSE),"-1") -> -1 | J15: =_xlfn.IFNA(VLOOKUP($C15&","&J3,$C$34:$D$112,2,FALSE),"-1") -> -1 | K15: =_xlfn.IFNA(VLOOKUP($C15&","&K3,$C$34:$D$112,2,FALSE),"-1") -> -1 | L15: =_xlfn.IFNA(VLOOKUP($C15&","&L3,$C$34:$D$112,2,FALSE),"-1") -> -1 | ... AB15: =_xlfn.IFNA(VLOOKUP($C15&","&AB3,$C$34:$D$112,2,FALSE),"-1") -> -1
A16: 2 | B16: =ROW()-4 -> 12 | C16: MOVX | D16: =DEC2HEX(B16) -> C | E16: =_xlfn.IFNA(VLOOKUP($C16&","&E3,$C$34:$D$112,2,FALSE),"-1") -> 58 | F16: =_xlfn.IFNA(VLOOKUP($C16&","&F3,$C$34:$D$112,2,FALSE),"-1") -> -1 | G16: =_xlfn.IFNA(VLOOKUP($C16&","&G3,$C$34:$D$112,2,FALSE),"-1") -> -1 | H16: =_xlfn.IFNA(VLOOKUP($C16&","&H3,$C$34:$D$112,2,FALSE),"-1") -> -1 | I16: =_xlfn.IFNA(VLOOKUP($C16&","&I3,$C$34:$D$112,2,FALSE),"-1") -> -1 | J16: =_xlfn.IFNA(VLOOKUP($C16&","&J3,$C$34:$D$112,2,FALSE),"-1") -> -1 | K16: =_xlfn.IFNA(VLOOKUP($C16&","&K3,$C$34:$D$112,2,FALSE),"-1") -> -1 | L16: =_xlfn.IFNA(VLOOKUP($C16&","&L3,$C$34:$D$112,2,FALSE),"-1") -> -1 | ... AB16: =_xlfn.IFNA(VLOOKUP($C16&","&AB3,$C$34:$D$112,2,FALSE),"-1") -> -1
A17: 2 | B17: =ROW()-4 -> 13 | C17: ORL | D17: =DEC2HEX(B17) -> D | E17: =_xlfn.IFNA(VLOOKUP($C17&","&E3,$C$34:$D$112,2,FALSE),"-1") -> 59 | F17: =_xlfn.IFNA(VLOOKUP($C17&","&F3,$C$34:$D$112,2,FALSE),"-1") -> -1 | G17: =_xlfn.IFNA(VLOOKUP($C17&","&G3,$C$34:$D$112,2,FALSE),"-1") -> -1 | H17: =_xlfn.IFNA(VLOOKUP($C17&","&H3,$C$34:$D$112,2,FALSE),"-1") -> -1 | I17: =_xlfn.IFNA(VLOOKUP($C17&","&I3,$C$34:$D$112,2,FALSE),"-1") -> -1 | J17: =_xlfn.IFNA(VLOOKUP($C17&","&J3,$C$34:$D$112,2,FALSE),"-1") -> -1 | K17: =_xlfn.IFNA(VLOOKUP($C17&","&K3,$C$34:$D$112,2,FALSE),"-1") -> -1 | L17: =_xlfn.IFNA(VLOOKUP($C17&","&L3,$C$34:$D$112,2,FALSE),"-1") -> -1 | ... AB17: =_xlfn.IFNA(VLOOKUP($C17&","&AB3,$C$34:$D$112,2,FALSE),"-1") -> -1
A18: 2 | B18: =ROW()-4 -> 14 | C18: SUBB | D18: =DEC2HEX(B18) -> E | E18: =_xlfn.IFNA(VLOOKUP($C18&","&E3,$C$34:$D$112,2,FALSE),"-1") -> 5C | F18: =_xlfn.IFNA(VLOOKUP($C18&","&F3,$C$34:$D$112,2,FALSE),"-1") -> -1 | G18: =_xlfn.IFNA(VLOOKUP($C18&","&G3,$C$34:$D$112,2,FALSE),"-1") -> -1 | H18: =_xlfn.IFNA(VLOOKUP($C18&","&H3,$C$34:$D$112,2,FALSE),"-1") -> -1 | I18: =_xlfn.IFNA(VLOOKUP($C18&","&I3,$C$34:$D$112,2,FALSE),"-1") -> -1 | J18: =_xlfn.IFNA(VLOOKUP($C18&","&J3,$C$34:$D$112,2,FALSE),"-1") -> -1 | K18: =_xlfn.IFNA(VLOOKUP($C18&","&K3,$C$34:$D$112,2,FALSE),"-1") -> -1 | L18: =_xlfn.IFNA(VLOOKUP($C18&","&L3,$C$34:$D$112,2,FALSE),"-1") -> -1 | ... AB18: =_xlfn.IFNA(VLOOKUP($C18&","&AB3,$C$34:$D$112,2,FALSE),"-1") -> -1
A19: 2 | B19: =ROW()-4 -> 15 | C19: XCH | D19: =DEC2HEX(B19) -> F | E19: =_xlfn.IFNA(VLOOKUP($C19&","&E3,$C$34:$D$112,2,FALSE),"-1") -> 5D | F19: =_xlfn.IFNA(VLOOKUP($C19&","&F3,$C$34:$D$112,2,FALSE),"-1") -> -1 | G19: =_xlfn.IFNA(VLOOKUP($C19&","&G3,$C$34:$D$112,2,FALSE),"-1") -> -1 | H19: =_xlfn.IFNA(VLOOKUP($C19&","&H3,$C$34:$D$112,2,FALSE),"-1") -> -1 | I19: =_xlfn.IFNA(VLOOKUP($C19&","&I3,$C$34:$D$112,2,FALSE),"-1") -> -1 | J19: =_xlfn.IFNA(VLOOKUP($C19&","&J3,$C$34:$D$112,2,FALSE),"-1") -> -1 | K19: =_xlfn.IFNA(VLOOKUP($C19&","&K3,$C$34:$D$112,2,FALSE),"-1") -> -1 | L19: =_xlfn.IFNA(VLOOKUP($C19&","&L3,$C$34:$D$112,2,FALSE),"-1") -> -1 | ... AB19: =_xlfn.IFNA(VLOOKUP($C19&","&AB3,$C$34:$D$112,2,FALSE),"-1") -> -1
A20: 2 | B20: =ROW()-4 -> 16 | C20: XCHD | D20: =DEC2HEX(B20) -> 10 | E20: =_xlfn.IFNA(VLOOKUP($C20&","&E3,$C$34:$D$112,2,FALSE),"-1") -> 5E | F20: =_xlfn.IFNA(VLOOKUP($C20&","&F3,$C$34:$D$112,2,FALSE),"-1") -> -1 | G20: =_xlfn.IFNA(VLOOKUP($C20&","&G3,$C$34:$D$112,2,FALSE),"-1") -> -1 | H20: =_xlfn.IFNA(VLOOKUP($C20&","&H3,$C$34:$D$112,2,FALSE),"-1") -> -1 | I20: =_xlfn.IFNA(VLOOKUP($C20&","&I3,$C$34:$D$112,2,FALSE),"-1") -> -1 | J20: =_xlfn.IFNA(VLOOKUP($C20&","&J3,$C$34:$D$112,2,FALSE),"-1") -> -1 | K20: =_xlfn.IFNA(VLOOKUP($C20&","&K3,$C$34:$D$112,2,FALSE),"-1") -> -1 | L20: =_xlfn.IFNA(VLOOKUP($C20&","&L3,$C$34:$D$112,2,FALSE),"-1") -> -1 | ... AB20: =_xlfn.IFNA(VLOOKUP($C20&","&AB3,$C$34:$D$112,2,FALSE),"-1") -> -1
A21: 2 | B21: =ROW()-4 -> 17 | C21: XRL | D21: =DEC2HEX(B21) -> 11 | E21: =_xlfn.IFNA(VLOOKUP($C21&","&E3,$C$34:$D$112,2,FALSE),"-1") -> 5F | F21: =_xlfn.IFNA(VLOOKUP($C21&","&F3,$C$34:$D$112,2,FALSE),"-1") -> -1 | G21: =_xlfn.IFNA(VLOOKUP($C21&","&G3,$C$34:$D$112,2,FALSE),"-1") -> -1 | H21: =_xlfn.IFNA(VLOOKUP($C21&","&H3,$C$34:$D$112,2,FALSE),"-1") -> -1 | I21: =_xlfn.IFNA(VLOOKUP($C21&","&I3,$C$34:$D$112,2,FALSE),"-1") -> -1 | J21: =_xlfn.IFNA(VLOOKUP($C21&","&J3,$C$34:$D$112,2,FALSE),"-1") -> -1 | K21: =_xlfn.IFNA(VLOOKUP($C21&","&K3,$C$34:$D$112,2,FALSE),"-1") -> -1 | L21: =_xlfn.IFNA(VLOOKUP($C21&","&L3,$C$34:$D$112,2,FALSE),"-1") -> -1 | ... AB21: =_xlfn.IFNA(VLOOKUP($C21&","&AB3,$C$34:$D$112,2,FALSE),"-1") -> -1
A22: 3 | B22: =ROW()-4 -> 18 | C22: CJNE | D22: =DEC2HEX(B22) -> 12 | E22: =_xlfn.IFNA(VLOOKUP($C22&","&E3,$C$23:$D$112,2,FALSE),"-1") -> 15 | F22: =_xlfn.IFNA(VLOOKUP($C22&","&F3,$C$23:$D$112,2,FALSE),"-1") -> 16 | G22: =_xlfn.IFNA(VLOOKUP($C22&","&G3,$C$23:$D$112,2,FALSE),"-1") -> 17 | H22: =_xlfn.IFNA(VLOOKUP($C22&","&H3,$C$23:$D$112,2,FALSE),"-1") -> 18 | I22: =_xlfn.IFNA(VLOOKUP($C22&","&I3,$C$23:$D$112,2,FALSE),"-1") -> 19 | J22: =_xlfn.IFNA(VLOOKUP($C22&","&J3,$C$23:$D$112,2,FALSE),"-1") -> 1A | K22: =_xlfn.IFNA(VLOOKUP($C22&","&K3,$C$23:$D$112,2,FALSE),"-1") -> 1B | L22: =_xlfn.IFNA(VLOOKUP($C22&","&L3,$C$23:$D$112,2,FALSE),"-1") -> 1C | ... AB22: =_xlfn.IFNA(VLOOKUP($C22&","&AB3,$C$23:$D$112,2,FALSE),"-1") -> -1
A23: 3 | B23: =ROW()-4 -> 19 | C23: CJNE,@R0 | D23: =DEC2HEX(B23) -> 13 | E23: =_xlfn.IFNA(VLOOKUP($C23&","&E3,$C$34:$D$112,2,FALSE),"-1") -> -1 | F23: =_xlfn.IFNA(VLOOKUP($C23&","&F3,$C$34:$D$112,2,FALSE),"-1") -> -1 | G23: =_xlfn.IFNA(VLOOKUP($C23&","&G3,$C$34:$D$112,2,FALSE),"-1") -> -1 | H23: =_xlfn.IFNA(VLOOKUP($C23&","&H3,$C$34:$D$112,2,FALSE),"-1") -> -1 | I23: =_xlfn.IFNA(VLOOKUP($C23&","&I3,$C$34:$D$112,2,FALSE),"-1") -> -1 | J23: =_xlfn.IFNA(VLOOKUP($C23&","&J3,$C$34:$D$112,2,FALSE),"-1") -> -1 | K23: =_xlfn.IFNA(VLOOKUP($C23&","&K3,$C$34:$D$112,2,FALSE),"-1") -> -1 | L23: =_xlfn.IFNA(VLOOKUP($C23&","&L3,$C$34:$D$112,2,FALSE),"-1") -> -1 | ... AB23: =_xlfn.IFNA(VLOOKUP($C23&","&AB3,$C$34:$D$112,2,FALSE),"-1") -> -1
A24: 3 | B24: =ROW()-4 -> 20 | C24: CJNE,@R1 | D24: =DEC2HEX(B24) -> 14 | E24: =_xlfn.IFNA(VLOOKUP($C24&","&E3,$C$34:$D$112,2,FALSE),"-1") -> -1 | F24: =_xlfn.IFNA(VLOOKUP($C24&","&F3,$C$34:$D$112,2,FALSE),"-1") -> -1 | G24: =_xlfn.IFNA(VLOOKUP($C24&","&G3,$C$34:$D$112,2,FALSE),"-1") -> -1 | H24: =_xlfn.IFNA(VLOOKUP($C24&","&H3,$C$34:$D$112,2,FALSE),"-1") -> -1 | I24: =_xlfn.IFNA(VLOOKUP($C24&","&I3,$C$34:$D$112,2,FALSE),"-1") -> -1 | J24: =_xlfn.IFNA(VLOOKUP($C24&","&J3,$C$34:$D$112,2,FALSE),"-1") -> -1 | K24: =_xlfn.IFNA(VLOOKUP($C24&","&K3,$C$34:$D$112,2,FALSE),"-1") -> -1 | L24: =_xlfn.IFNA(VLOOKUP($C24&","&L3,$C$34:$D$112,2,FALSE),"-1") -> -1 | ... AB24: =_xlfn.IFNA(VLOOKUP($C24&","&AB3,$C$34:$D$112,2,FALSE),"-1") -> -1
A25: 3 | B25: =ROW()-4 -> 21 | C25: CJNE,A | D25: =DEC2HEX(B25) -> 15 | E25: =_xlfn.IFNA(VLOOKUP($C25&","&E3,$C$34:$D$112,2,FALSE),"-1") -> -1 | F25: =_xlfn.IFNA(VLOOKUP($C25&","&F3,$C$34:$D$112,2,FALSE),"-1") -> -1 | G25: =_xlfn.IFNA(VLOOKUP($C25&","&G3,$C$34:$D$112,2,FALSE),"-1") -> -1 | H25: =_xlfn.IFNA(VLOOKUP($C25&","&H3,$C$34:$D$112,2,FALSE),"-1") -> -1 | I25: =_xlfn.IFNA(VLOOKUP($C25&","&I3,$C$34:$D$112,2,FALSE),"-1") -> -1 | J25: =_xlfn.IFNA(VLOOKUP($C25&","&J3,$C$34:$D$112,2,FALSE),"-1") -> -1 | K25: =_xlfn.IFNA(VLOOKUP($C25&","&K3,$C$34:$D$112,2,FALSE),"-1") -> -1 | L25: =_xlfn.IFNA(VLOOKUP($C25&","&L3,$C$34:$D$112,2,FALSE),"-1") -> -1 | ... AB25: =_xlfn.IFNA(VLOOKUP($C25&","&AB3,$C$34:$D$112,2,FALSE),"-1") -> -1
A26: 3 | B26: =ROW()-4 -> 22 | C26: CJNE,R0 | D26: =DEC2HEX(B26) -> 16 | E26: =_xlfn.IFNA(VLOOKUP($C26&","&E3,$C$34:$D$112,2,FALSE),"-1") -> -1 | F26: =_xlfn.IFNA(VLOOKUP($C26&","&F3,$C$34:$D$112,2,FALSE),"-1") -> -1 | G26: =_xlfn.IFNA(VLOOKUP($C26&","&G3,$C$34:$D$112,2,FALSE),"-1") -> -1 | H26: =_xlfn.IFNA(VLOOKUP($C26&","&H3,$C$34:$D$112,2,FALSE),"-1") -> -1 | I26: =_xlfn.IFNA(VLOOKUP($C26&","&I3,$C$34:$D$112,2,FALSE),"-1") -> -1 | J26: =_xlfn.IFNA(VLOOKUP($C26&","&J3,$C$34:$D$112,2,FALSE),"-1") -> -1 | K26: =_xlfn.IFNA(VLOOKUP($C26&","&K3,$C$34:$D$112,2,FALSE),"-1") -> -1 | L26: =_xlfn.IFNA(VLOOKUP($C26&","&L3,$C$34:$D$112,2,FALSE),"-1") -> -1 | ... AB26: =_xlfn.IFNA(VLOOKUP($C26&","&AB3,$C$34:$D$112,2,FALSE),"-1") -> -1
A27: 3 | B27: =ROW()-4 -> 23 | C27: CJNE,R1 | D27: =DEC2HEX(B27) -> 17 | E27: =_xlfn.IFNA(VLOOKUP($C27&","&E3,$C$34:$D$112,2,FALSE),"-1") -> -1 | F27: =_xlfn.IFNA(VLOOKUP($C27&","&F3,$C$34:$D$112,2,FALSE),"-1") -> -1 | G27: =_xlfn.IFNA(VLOOKUP($C27&","&G3,$C$34:$D$112,2,FALSE),"-1") -> -1 | H27: =_xlfn.IFNA(VLOOKUP($C27&","&H3,$C$34:$D$112,2,FALSE),"-1") -> -1 | I27: =_xlfn.IFNA(VLOOKUP($C27&","&I3,$C$34:$D$112,2,FALSE),"-1") -> -1 | J27: =_xlfn.IFNA(VLOOKUP($C27&","&J3,$C$34:$D$112,2,FALSE),"-1") -> -1 | K27: =_xlfn.IFNA(VLOOKUP($C27&","&K3,$C$34:$D$112,2,FALSE),"-1") -> -1 | L27: =_xlfn.IFNA(VLOOKUP($C27&","&L3,$C$34:$D$112,2,FALSE),"-1") -> -1 | ... AB27: =_xlfn.IFNA(VLOOKUP($C27&","&AB3,$C$34:$D$112,2,FALSE),"-1") -> -1
A28: 3 | B28: =ROW()-4 -> 24 | C28: CJNE,R2 | D28: =DEC2HEX(B28) -> 18 | E28: =_xlfn.IFNA(VLOOKUP($C28&","&E3,$C$34:$D$112,2,FALSE),"-1") -> -1 | F28: =_xlfn.IFNA(VLOOKUP($C28&","&F3,$C$34:$D$112,2,FALSE),"-1") -> -1 | G28: =_xlfn.IFNA(VLOOKUP($C28&","&G3,$C$34:$D$112,2,FALSE),"-1") -> -1 | H28: =_xlfn.IFNA(VLOOKUP($C28&","&H3,$C$34:$D$112,2,FALSE),"-1") -> -1 | I28: =_xlfn.IFNA(VLOOKUP($C28&","&I3,$C$34:$D$112,2,FALSE),"-1") -> -1 | J28: =_xlfn.IFNA(VLOOKUP($C28&","&J3,$C$34:$D$112,2,FALSE),"-1") -> -1 | K28: =_xlfn.IFNA(VLOOKUP($C28&","&K3,$C$34:$D$112,2,FALSE),"-1") -> -1 | L28: =_xlfn.IFNA(VLOOKUP($C28&","&L3,$C$34:$D$112,2,FALSE),"-1") -> -1 | ... AB28: =_xlfn.IFNA(VLOOKUP($C28&","&AB3,$C$34:$D$112,2,FALSE),"-1") -> -1
A29: 3 | B29: =ROW()-4 -> 25 | C29: CJNE,R3 | D29: =DEC2HEX(B29) -> 19 | E29: =_xlfn.IFNA(VLOOKUP($C29&","&E3,$C$34:$D$112,2,FALSE),"-1") -> -1 | F29: =_xlfn.IFNA(VLOOKUP($C29&","&F3,$C$34:$D$112,2,FALSE),"-1") -> -1 | G29: =_xlfn.IFNA(VLOOKUP($C29&","&G3,$C$34:$D$112,2,FALSE),"-1") -> -1 | H29: =_xlfn.IFNA(VLOOKUP($C29&","&H3,$C$34:$D$112,2,FALSE),"-1") -> -1 | I29: =_xlfn.IFNA(VLOOKUP($C29&","&I3,$C$34:$D$112,2,FALSE),"-1") -> -1 | J29: =_xlfn.IFNA(VLOOKUP($C29&","&J3,$C$34:$D$112,2,FALSE),"-1") -> -1 | K29: =_xlfn.IFNA(VLOOKUP($C29&","&K3,$C$34:$D$112,2,FALSE),"-1") -> -1 | L29: =_xlfn.IFNA(VLOOKUP($C29&","&L3,$C$34:$D$112,2,FALSE),"-1") -> -1 | ... AB29: =_xlfn.IFNA(VLOOKUP($C29&","&AB3,$C$34:$D$112,2,FALSE),"-1") -> -1
A30: 3 | B30: =ROW()-4 -> 26 | C30: CJNE,R4 | D30: =DEC2HEX(B30) -> 1A | E30: =_xlfn.IFNA(VLOOKUP($C30&","&E3,$C$34:$D$112,2,FALSE),"-1") -> -1 | F30: =_xlfn.IFNA(VLOOKUP($C30&","&F3,$C$34:$D$112,2,FALSE),"-1") -> -1 | G30: =_xlfn.IFNA(VLOOKUP($C30&","&G3,$C$34:$D$112,2,FALSE),"-1") -> -1 | H30: =_xlfn.IFNA(VLOOKUP($C30&","&H3,$C$34:$D$112,2,FALSE),"-1") -> -1 | I30: =_xlfn.IFNA(VLOOKUP($C30&","&I3,$C$34:$D$112,2,FALSE),"-1") -> -1 | J30: =_xlfn.IFNA(VLOOKUP($C30&","&J3,$C$34:$D$112,2,FALSE),"-1") -> -1 | K30: =_xlfn.IFNA(VLOOKUP($C30&","&K3,$C$34:$D$112,2,FALSE),"-1") -> -1 | L30: =_xlfn.IFNA(VLOOKUP($C30&","&L3,$C$34:$D$112,2,FALSE),"-1") -> -1 | ... AB30: =_xlfn.IFNA(VLOOKUP($C30&","&AB3,$C$34:$D$112,2,FALSE),"-1") -> -1
A31: 3 | B31: =ROW()-4 -> 27 | C31: CJNE,R5 | D31: =DEC2HEX(B31) -> 1B | E31: =_xlfn.IFNA(VLOOKUP($C31&","&E3,$C$34:$D$112,2,FALSE),"-1") -> -1 | F31: =_xlfn.IFNA(VLOOKUP($C31&","&F3,$C$34:$D$112,2,FALSE),"-1") -> -1 | G31: =_xlfn.IFNA(VLOOKUP($C31&","&G3,$C$34:$D$112,2,FALSE),"-1") -> -1 | H31: =_xlfn.IFNA(VLOOKUP($C31&","&H3,$C$34:$D$112,2,FALSE),"-1") -> -1 | I31: =_xlfn.IFNA(VLOOKUP($C31&","&I3,$C$34:$D$112,2,FALSE),"-1") -> -1 | J31: =_xlfn.IFNA(VLOOKUP($C31&","&J3,$C$34:$D$112,2,FALSE),"-1") -> -1 | K31: =_xlfn.IFNA(VLOOKUP($C31&","&K3,$C$34:$D$112,2,FALSE),"-1") -> -1 | L31: =_xlfn.IFNA(VLOOKUP($C31&","&L3,$C$34:$D$112,2,FALSE),"-1") -> -1 | ... AB31: =_xlfn.IFNA(VLOOKUP($C31&","&AB3,$C$34:$D$112,2,FALSE),"-1") -> -1
A32: 3 | B32: =ROW()-4 -> 28 | C32: CJNE,R6 | D32: =DEC2HEX(B32) -> 1C | E32: =_xlfn.IFNA(VLOOKUP($C32&","&E3,$C$34:$D$112,2,FALSE),"-1") -> -1 | F32: =_xlfn.IFNA(VLOOKUP($C32&","&F3,$C$34:$D$112,2,FALSE),"-1") -> -1 | G32: =_xlfn.IFNA(VLOOKUP($C32&","&G3,$C$34:$D$112,2,FALSE),"-1") -> -1 | H32: =_xlfn.IFNA(VLOOKUP($C32&","&H3,$C$34:$D$112,2,FALSE),"-1") -> -1 | I32: =_xlfn.IFNA(VLOOKUP($C32&","&I3,$C$34:$D$112,2,FALSE),"-1") -> -1 | J32: =_xlfn.IFNA(VLOOKUP($C32&","&J3,$C$34:$D$112,2,FALSE),"-1") -> -1 | K32: =_xlfn.IFNA(VLOOKUP($C32&","&K3,$C$34:$D$112,2,FALSE),"-1") -> -1 | L32: =_xlfn.IFNA(VLOOKUP($C32&","&L3,$C$34:$D$112,2,FALSE),"-1") -> -1 | ... AB32: =_xlfn.IFNA(VLOOKUP($C32&","&AB3,$C$34:$D$112,2,FALSE),"-1") -> -1
A33: 3 | B33: =ROW()-4 -> 29 | C33: CJNE,R7 | D33: =DEC2HEX(B33) -> 1D | E33: =_xlfn.IFNA(VLOOKUP($C33&","&E3,$C$34:$D$112,2,FALSE),"-1") -> -1 | F33: =_xlfn.IFNA(VLOOKUP($C33&","&F3,$C$34:$D$112,2,FALSE),"-1") -> -1 | G33: =_xlfn.IFNA(VLOOKUP($C33&","&G3,$C$34:$D$112,2,FALSE),"-1") -> -1 | H33: =_xlfn.IFNA(VLOOKUP($C33&","&H3,$C$34:$D$112,2,FALSE),"-1") -> -1 | I33: =_xlfn.IFNA(VLOOKUP($C33&","&I3,$C$34:$D$112,2,FALSE),"-1") -> -1 | J33: =_xlfn.IFNA(VLOOKUP($C33&","&J3,$C$34:$D$112,2,FALSE),"-1") -> -1 | K33: =_xlfn.IFNA(VLOOKUP($C33&","&K3,$C$34:$D$112,2,FALSE),"-1") -> -1 | L33: =_xlfn.IFNA(VLOOKUP($C33&","&L3,$C$34:$D$112,2,FALSE),"-1") -> -1 | ... AB33: =_xlfn.IFNA(VLOOKUP($C33&","&AB3,$C$34:$D$112,2,FALSE),"-1") -> -1
A34: 1 | B34: =ROW()-4 -> 30 | C34: CLR | D34: =DEC2HEX(B34) -> 1E | E34: =_xlfn.IFNA(VLOOKUP($C34&","&E3,汇编指令!$C$2:$D$235,2,FALSE),"-1") -> E4 | F34: =_xlfn.IFNA(VLOOKUP($C34&","&F3,汇编指令!$C$2:$D$235,2,FALSE),"-1") -> -1 | G34: =_xlfn.IFNA(VLOOKUP($C34&","&G3,汇编指令!$C$2:$D$235,2,FALSE),"-1") -> -1 | H34: =_xlfn.IFNA(VLOOKUP($C34&","&H3,汇编指令!$C$2:$D$235,2,FALSE),"-1") -> -1 | I34: =_xlfn.IFNA(VLOOKUP($C34&","&I3,汇编指令!$C$2:$D$235,2,FALSE),"-1") -> -1 | J34: =_xlfn.IFNA(VLOOKUP($C34&","&J3,汇编指令!$C$2:$D$235,2,FALSE),"-1") -> -1 | K34: =_xlfn.IFNA(VLOOKUP($C34&","&K3,汇编指令!$C$2:$D$235,2,FALSE),"-1") -> -1 | L34: =_xlfn.IFNA(VLOOKUP($C34&","&L3,汇编指令!$C$2:$D$235,2,FALSE),"-1") -> -1 | ... AB34: =_xlfn.IFNA(VLOOKUP($C34&","&AB3,汇编指令!$C$2:$D$235,2,FALSE),"-1") -> -1
A35: 1 | B35: =ROW()-4 -> 31 | C35: CPL | D35: =DEC2HEX(B35) -> 1F | E35: =_xlfn.IFNA(VLOOKUP($C35&","&E3,汇编指令!$C$2:$D$235,2,FALSE),"-1") -> F4 | F35: =_xlfn.IFNA(VLOOKUP($C35&","&F3,汇编指令!$C$2:$D$235,2,FALSE),"-1") -> -1 | G35: =_xlfn.IFNA(VLOOKUP($C35&","&G3,汇编指令!$C$2:$D$235,2,FALSE),"-1") -> -1 | H35: =_xlfn.IFNA(VLOOKUP($C35&","&H3,汇编指令!$C$2:$D$235,2,FALSE),"-1") -> -1 | I35: =_xlfn.IFNA(VLOOKUP($C35&","&I3,汇编指令!$C$2:$D$235,2,FALSE),"-1") -> -1 | J35: =_xlfn.IFNA(VLOOKUP($C35&","&J3,汇编指令!$C$2:$D$235,2,FALSE),"-1") -> -1 | K35: =_xlfn.IFNA(VLOOKUP($C35&","&K3,汇编指令!$C$2:$D$235,2,FALSE),"-1") -> -1 | L35: =_xlfn.IFNA(VLOOKUP($C35&","&L3,汇编指令!$C$2:$D$235,2,FALSE),"-1") -> -1 | ... AB35: =_xlfn.IFNA(VLOOKUP($C35&","&AB3,汇编指令!$C$2:$D$235,2,FALSE),"-1") -> -1
A36: 1 | B36: =ROW()-4 -> 32 | C36: DA | D36: =DEC2HEX(B36) -> 20 | E36: =_xlfn.IFNA(VLOOKUP($C36&","&E3,汇编指令!$C$2:$D$235,2,FALSE),"-1") -> D4 | F36: =_xlfn.IFNA(VLOOKUP($C36&","&F3,汇编指令!$C$2:$D$235,2,FALSE),"-1") -> -1 | G36: =_xlfn.IFNA(VLOOKUP($C36&","&G3,汇编指令!$C$2:$D$235,2,FALSE),"-1") -> -1 | H36: =_xlfn.IFNA(VLOOKUP($C36&","&H3,汇编指令!$C$2:$D$235,2,FALSE),"-1") -> -1 | I36: =_xlfn.IFNA(VLOOKUP($C36&","&I3,汇编指令!$C$2:$D$235,2,FALSE),"-1") -> -1 | J36: =_xlfn.IFNA(VLOOKUP($C36&","&J3,汇编指令!$C$2:$D$235,2,FALSE),"-1") -> -1 | K36: =_xlfn.IFNA(VLOOKUP($C36&","&K3,汇编指令!$C$2:$D$235,2,FALSE),"-1") -> -1 | L36: =_xlfn.IFNA(VLOOKUP($C36&","&L3,汇编指令!$C$2:$D$235,2,FALSE),"-1") -> -1 | ... AB36: =_xlfn.IFNA(VLOOKUP($C36&","&AB3,汇编指令!$C$2:$D$235,2,FALSE),"-1") -> -1
A37: 1 | B37: =ROW()-4 -> 33 | C37: DEC | D37: =DEC2HEX(B37) -> 21 | E37: =_xlfn.IFNA(VLOOKUP($C37&","&E3,汇编指令!$C$2:$D$235,2,FALSE),"-1") -> 14 | F37: =_xlfn.IFNA(VLOOKUP($C37&","&F3,汇编指令!$C$2:$D$235,2,FALSE),"-1") -> 18 | G37: =_xlfn.IFNA(VLOOKUP($C37&","&G3,汇编指令!$C$2:$D$235,2,FALSE),"-1") -> 19 | H37: =_xlfn.IFNA(VLOOKUP($C37&","&H3,汇编指令!$C$2:$D$235,2,FALSE),"-1") -> 1A | I37: =_xlfn.IFNA(VLOOKUP($C37&","&I3,汇编指令!$C$2:$D$235,2,FALSE),"-1") -> 1B | J37: =_xlfn.IFNA(VLOOKUP($C37&","&J3,汇编指令!$C$2:$D$235,2,FALSE),"-1") -> 1C | K37: =_xlfn.IFNA(VLOOKUP($C37&","&K3,汇编指令!$C$2:$D$235,2,FALSE),"-1") -> 1D | L37: =_xlfn.IFNA(VLOOKUP($C37&","&L3,汇编指令!$C$2:$D$235,2,FALSE),"-1") -> 1E | ... AB37: =_xlfn.IFNA(VLOOKUP($C37&","&AB3,汇编指令!$C$2:$D$235,2,FALSE),"-1") -> -1
A38: 1 | B38: =ROW()-4 -> 34 | C38: DIV | D38: =DEC2HEX(B38) -> 22 | E38: =_xlfn.IFNA(VLOOKUP($C38&","&E3,汇编指令!$C$2:$D$235,2,FALSE),"-1") -> -1 | F38: =_xlfn.IFNA(VLOOKUP($C38&","&F3,汇编指令!$C$2:$D$235,2,FALSE),"-1") -> -1 | G38: =_xlfn.IFNA(VLOOKUP($C38&","&G3,汇编指令!$C$2:$D$235,2,FALSE),"-1") -> -1 | H38: =_xlfn.IFNA(VLOOKUP($C38&","&H3,汇编指令!$C$2:$D$235,2,FALSE),"-1") -> -1 | I38: =_xlfn.IFNA(VLOOKUP($C38&","&I3,汇编指令!$C$2:$D$235,2,FALSE),"-1") -> -1 | J38: =_xlfn.IFNA(VLOOKUP($C38&","&J3,汇编指令!$C$2:$D$235,2,FALSE),"-1") -> -1 | K38: =_xlfn.IFNA(VLOOKUP($C38&","&K3,汇编指令!$C$2:$D$235,2,FALSE),"-1") -> -1 | L38: =_xlfn.IFNA(VLOOKUP($C38&","&L3,汇编指令!$C$2:$D$235,2,FALSE),"-1") -> -1 | ... AB38: =_xlfn.IFNA(VLOOKUP($C38&","&AB3,汇编指令!$C$2:$D$235,2,FALSE),"-1") -> -1
A39: 1 | B39: =ROW()-4 -> 35 | C39: INC | D39: =DEC2HEX(B39) -> 23 | E39: =_xlfn.IFNA(VLOOKUP($C39&","&E3,汇编指令!$C$2:$D$235,2,FALSE),"-1") -> 4 | F39: =_xlfn.IFNA(VLOOKUP($C39&","&F3,汇编指令!$C$2:$D$235,2,FALSE),"-1") -> 8 | G39: =_xlfn.IFNA(VLOOKUP($C39&","&G3,汇编指令!$C$2:$D$235,2,FALSE),"-1") -> 9 | H39: =_xlfn.IFNA(VLOOKUP($C39&","&H3,汇编指令!$C$2:$D$235,2,FALSE),"-1") -> A | I39: =_xlfn.IFNA(VLOOKUP($C39&","&I3,汇编指令!$C$2:$D$235,2,FALSE),"-1") -> B | J39: =_xlfn.IFNA(VLOOKUP($C39&","&J3,汇编指令!$C$2:$D$235,2,FALSE),"-1") -> C | K39: =_xlfn.IFNA(VLOOKUP($C39&","&K3,汇编指令!$C$2:$D$235,2,FALSE),"-1") -> D | L39: =_xlfn.IFNA(VLOOKUP($C39&","&L3,汇编指令!$C$2:$D$235,2,FALSE),"-1") -> E | ... AB39: =_xlfn.IFNA(VLOOKUP($C39&","&AB3,汇编指令!$C$2:$D$235,2,FALSE),"-1") -> -1
A40: 1 | B40: =ROW()-4 -> 36 | C40: JC | D40: =DEC2HEX(B40) -> 24 | E40: =_xlfn.IFNA(VLOOKUP($C40&","&E3,汇编指令!$C$2:$D$235,2,FALSE),"-1") -> -1 | F40: =_xlfn.IFNA(VLOOKUP($C40&","&F3,汇编指令!$C$2:$D$235,2,FALSE),"-1") -> -1 | G40: =_xlfn.IFNA(VLOOKUP($C40&","&G3,汇编指令!$C$2:$D$235,2,FALSE),"-1") -> -1 | H40: =_xlfn.IFNA(VLOOKUP($C40&","&H3,汇编指令!$C$2:$D$235,2,FALSE),"-1") -> -1 | I40: =_xlfn.IFNA(VLOOKUP($C40&","&I3,汇编指令!$C$2:$D$235,2,FALSE),"-1") -> -1 | J40: =_xlfn.IFNA(VLOOKUP($C40&","&J3,汇编指令!$C$2:$D$235,2,FALSE),"-1") -> -1 | K40: =_xlfn.IFNA(VLOOKUP($C40&","&K3,汇编指令!$C$2:$D$235,2,FALSE),"-1") -> -1 | L40: =_xlfn.IFNA(VLOOKUP($C40&","&L3,汇编指令!$C$2:$D$235,2,FALSE),"-1") -> -1 | ... AB40: =_xlfn.IFNA(VLOOKUP($C40&","&AB3,汇编指令!$C$2:$D$235,2,FALSE),"-1") -> -1
A41: 1 | B41: =ROW()-4 -> 37 | C41: JMP | D41: =DEC2HEX(B41) -> 25 | E41: =_xlfn.IFNA(VLOOKUP($C41&","&E3,汇编指令!$C$2:$D$235,2,FALSE),"-1") -> -1 | F41: =_xlfn.IFNA(VLOOKUP($C41&","&F3,汇编指令!$C$2:$D$235,2,FALSE),"-1") -> -1 | G41: =_xlfn.IFNA(VLOOKUP($C41&","&G3,汇编指令!$C$2:$D$235,2,FALSE),"-1") -> -1 | H41: =_xlfn.IFNA(VLOOKUP($C41&","&H3,汇编指令!$C$2:$D$235,2,FALSE),"-1") -> -1 | I41: =_xlfn.IFNA(VLOOKUP($C41&","&I3,汇编指令!$C$2:$D$235,2,FALSE),"-1") -> -1 | J41: =_xlfn.IFNA(VLOOKUP($C41&","&J3,汇编指令!$C$2:$D$235,2,FALSE),"-1") -> -1 | K41: =_xlfn.IFNA(VLOOKUP($C41&","&K3,汇编指令!$C$2:$D$235,2,FALSE),"-1") -> -1 | L41: =_xlfn.IFNA(VLOOKUP($C41&","&L3,汇编指令!$C$2:$D$235,2,FALSE),"-1") -> -1 | ... AB41: =_xlfn.IFNA(VLOOKUP($C41&","&AB3,汇编指令!$C$2:$D$235,2,FALSE),"-1") -> -1
A42: 1 | B42: =ROW()-4 -> 38 | C42: JNC | D42: =DEC2HEX(B42) -> 26 | E42: =_xlfn.IFNA(VLOOKUP($C42&","&E3,汇编指令!$C$2:$D$235,2,FALSE),"-1") -> -1 | F42: =_xlfn.IFNA(VLOOKUP($C42&","&F3,汇编指令!$C$2:$D$235,2,FALSE),"-1") -> -1 | G42: =_xlfn.IFNA(VLOOKUP($C42&","&G3,汇编指令!$C$2:$D$235,2,FALSE),"-1") -> -1 | H42: =_xlfn.IFNA(VLOOKUP($C42&","&H3,汇编指令!$C$2:$D$235,2,FALSE),"-1") -> -1 | I42: =_xlfn.IFNA(VLOOKUP($C42&","&I3,汇编指令!$C$2:$D$235,2,FALSE),"-1") -> -1 | J42: =_xlfn.IFNA(VLOOKUP($C42&","&J3,汇编指令!$C$2:$D$235,2,FALSE),"-1") -> -1 | K42: =_xlfn.IFNA(VLOOKUP($C42&","&K3,汇编指令!$C$2:$D$235,2,FALSE),"-1") -> -1 | L42: =_xlfn.IFNA(VLOOKUP($C42&","&L3,汇编指令!$C$2:$D$235,2,FALSE),"-1") -> -1 | ... AB42: =_xlfn.IFNA(VLOOKUP($C42&","&AB3,汇编指令!$C$2:$D$235,2,FALSE),"-1") -> -1
A43: 1 | B43: =ROW()-4 -> 39 | C43: JNZ | D43: =DEC2HEX(B43) -> 27 | E43: =_xlfn.IFNA(VLOOKUP($C43&","&E3,汇编指令!$C$2:$D$235,2,FALSE),"-1") -> -1 | F43: =_xlfn.IFNA(VLOOKUP($C43&","&F3,汇编指令!$C$2:$D$235,2,FALSE),"-1") -> -1 | G43: =_xlfn.IFNA(VLOOKUP($C43&","&G3,汇编指令!$C$2:$D$235,2,FALSE),"-1") -> -1 | H43: =_xlfn.IFNA(VLOOKUP($C43&","&H3,汇编指令!$C$2:$D$235,2,FALSE),"-1") -> -1 | I43: =_xlfn.IFNA(VLOOKUP($C43&","&I3,汇编指令!$C$2:$D$235,2,FALSE),"-1") -> -1 | J43: =_xlfn.IFNA(VLOOKUP($C43&","&J3,汇编指令!$C$2:$D$235,2,FALSE),"-1") -> -1 | K43: =_xlfn.IFNA(VLOOKUP($C43&","&K3,汇编指令!$C$2:$D$235,2,FALSE),"-1") -> -1 | L43: =_xlfn.IFNA(VLOOKUP($C43&","&L3,汇编指令!$C$2:$D$235,2,FALSE),"-1") -> -1 | ... AB43: =_xlfn.IFNA(VLOOKUP($C43&","&AB3,汇编指令!$C$2:$D$235,2,FALSE),"-1") -> -1
A44: 1 | B44: =ROW()-4 -> 40 | C44: JZ | D44: =DEC2HEX(B44) -> 28 | E44: =_xlfn.IFNA(VLOOKUP($C44&","&E3,汇编指令!$C$2:$D$235,2,FALSE),"-1") -> -1 | F44: =_xlfn.IFNA(VLOOKUP($C44&","&F3,汇编指令!$C$2:$D$235,2,FALSE),"-1") -> -1 | G44: =_xlfn.IFNA(VLOOKUP($C44&","&G3,汇编指令!$C$2:$D$235,2,FALSE),"-1") -> -1 | H44: =_xlfn.IFNA(VLOOKUP($C44&","&H3,汇编指令!$C$2:$D$235,2,FALSE),"-1") -> -1 | I44: =_xlfn.IFNA(VLOOKUP($C44&","&I3,汇编指令!$C$2:$D$235,2,FALSE),"-1") -> -1 | J44: =_xlfn.IFNA(VLOOKUP($C44&","&J3,汇编指令!$C$2:$D$235,2,FALSE),"-1") -> -1 | K44: =_xlfn.IFNA(VLOOKUP($C44&","&K3,汇编指令!$C$2:$D$235,2,FALSE),"-1") -> -1 | L44: =_xlfn.IFNA(VLOOKUP($C44&","&L3,汇编指令!$C$2:$D$235,2,FALSE),"-1") -> -1 | ... AB44: =_xlfn.IFNA(VLOOKUP($C44&","&AB3,汇编指令!$C$2:$D$235,2,FALSE),"-1") -> -1
A45: 1 | B45: =ROW()-4 -> 41 | C45: LCALL | D45: =DEC2HEX(B45) -> 29 | E45: =_xlfn.IFNA(VLOOKUP($C45&","&E3,汇编指令!$C$2:$D$235,2,FALSE),"-1") -> -1 | F45: =_xlfn.IFNA(VLOOKUP($C45&","&F3,汇编指令!$C$2:$D$235,2,FALSE),"-1") -> -1 | G45: =_xlfn.IFNA(VLOOKUP($C45&","&G3,汇编指令!$C$2:$D$235,2,FALSE),"-1") -> -1 | H45: =_xlfn.IFNA(VLOOKUP($C45&","&H3,汇编指令!$C$2:$D$235,2,FALSE),"-1") -> -1 | I45: =_xlfn.IFNA(VLOOKUP($C45&","&I3,汇编指令!$C$2:$D$235,2,FALSE),"-1") -> -1 | J45: =_xlfn.IFNA(VLOOKUP($C45&","&J3,汇编指令!$C$2:$D$235,2,FALSE),"-1") -> -1 | K45: =_xlfn.IFNA(VLOOKUP($C45&","&K3,汇编指令!$C$2:$D$235,2,FALSE),"-1") -> -1 | L45: =_xlfn.IFNA(VLOOKUP($C45&","&L3,汇编指令!$C$2:$D$235,2,FALSE),"-1") -> -1 | ... AB45: =_xlfn.IFNA(VLOOKUP($C45&","&AB3,汇编指令!$C$2:$D$235,2,FALSE),"-1") -> -1
A46: 1 | B46: =ROW()-4 -> 42 | C46: LJMP | D46: =DEC2HEX(B46) -> 2A | E46: =_xlfn.IFNA(VLOOKUP($C46&","&E3,汇编指令!$C$2:$D$235,2,FALSE),"-1") -> -1 | F46: =_xlfn.IFNA(VLOOKUP($C46&","&F3,汇编指令!$C$2:$D$235,2,FALSE),"-1") -> -1 | G46: =_xlfn.IFNA(VLOOKUP($C46&","&G3,汇编指令!$C$2:$D$235,2,FALSE),"-1") -> -1 | H46: =_xlfn.IFNA(VLOOKUP($C46&","&H3,汇编指令!$C$2:$D$235,2,FALSE),"-1") -> -1 | I46: =_xlfn.IFNA(VLOOKUP($C46&","&I3,汇编指令!$C$2:$D$235,2,FALSE),"-1") -> -1 | J46: =_xlfn.IFNA(VLOOKUP($C46&","&J3,汇编指令!$C$2:$D$235,2,FALSE),"-1") -> -1 | K46: =_xlfn.IFNA(VLOOKUP($C46&","&K3,汇编指令!$C$2:$D$235,2,FALSE),"-1") -> -1 | L46: =_xlfn.IFNA(VLOOKUP($C46&","&L3,汇编指令!$C$2:$D$235,2,FALSE),"-1") -> -1 | ... AB46: =_xlfn.IFNA(VLOOKUP($C46&","&AB3,汇编指令!$C$2:$D$235,2,FALSE),"-1") -> -1
A47: 1 | B47: =ROW()-4 -> 43 | C47: MUL | D47: =DEC2HEX(B47) -> 2B | E47: =_xlfn.IFNA(VLOOKUP($C47&","&E3,汇编指令!$C$2:$D$235,2,FALSE),"-1") -> -1 | F47: =_xlfn.IFNA(VLOOKUP($C47&","&F3,汇编指令!$C$2:$D$235,2,FALSE),"-1") -> -1 | G47: =_xlfn.IFNA(VLOOKUP($C47&","&G3,汇编指令!$C$2:$D$235,2,FALSE),"-1") -> -1 | H47: =_xlfn.IFNA(VLOOKUP($C47&","&H3,汇编指令!$C$2:$D$235,2,FALSE),"-1") -> -1 | I47: =_xlfn.IFNA(VLOOKUP($C47&","&I3,汇编指令!$C$2:$D$235,2,FALSE),"-1") -> -1 | J47: =_xlfn.IFNA(VLOOKUP($C47&","&J3,汇编指令!$C$2:$D$235,2,FALSE),"-1") -> -1 | K47: =_xlfn.IFNA(VLOOKUP($C47&","&K3,汇编指令!$C$2:$D$235,2,FALSE),"-1") -> -1 | L47: =_xlfn.IFNA(VLOOKUP($C47&","&L3,汇编指令!$C$2:$D$235,2,FALSE),"-1") -> -1 | ... AB47: =_xlfn.IFNA(VLOOKUP($C47&","&AB3,汇编指令!$C$2:$D$235,2,FALSE),"-1") -> -1
A48: 1 | B48: =ROW()-4 -> 44 | C48: POP | D48: =DEC2HEX(B48) -> 2C | E48: =_xlfn.IFNA(VLOOKUP($C48&","&E3,汇编指令!$C$2:$D$235,2,FALSE),"-1") -> -1 | F48: =_xlfn.IFNA(VLOOKUP($C48&","&F3,汇编指令!$C$2:$D$235,2,FALSE),"-1") -> -1 | G48: =_xlfn.IFNA(VLOOKUP($C48&","&G3,汇编指令!$C$2:$D$235,2,FALSE),"-1") -> -1 | H48: =_xlfn.IFNA(VLOOKUP($C48&","&H3,汇编指令!$C$2:$D$235,2,FALSE),"-1") -> -1 | I48: =_xlfn.IFNA(VLOOKUP($C48&","&I3,汇编指令!$C$2:$D$235,2,FALSE),"-1") -> -1 | J48: =_xlfn.IFNA(VLOOKUP($C48&","&J3,汇编指令!$C$2:$D$235,2,FALSE),"-1") -> -1 | K48: =_xlfn.IFNA(VLOOKUP($C48&","&K3,汇编指令!$C$2:$D$235,2,FALSE),"-1") -> -1 | L48: =_xlfn.IFNA(VLOOKUP($C48&","&L3,汇编指令!$C$2:$D$235,2,FALSE),"-1") -> -1 | ... AB48: =_xlfn.IFNA(VLOOKUP($C48&","&AB3,汇编指令!$C$2:$D$235,2,FALSE),"-1") -> -1
A49: 1 | B49: =ROW()-4 -> 45 | C49: PUSH | D49: =DEC2HEX(B49) -> 2D | E49: =_xlfn.IFNA(VLOOKUP($C49&","&E3,汇编指令!$C$2:$D$235,2,FALSE),"-1") -> -1 | F49: =_xlfn.IFNA(VLOOKUP($C49&","&F3,汇编指令!$C$2:$D$235,2,FALSE),"-1") -> -1 | G49: =_xlfn.IFNA(VLOOKUP($C49&","&G3,汇编指令!$C$2:$D$235,2,FALSE),"-1") -> -1 | H49: =_xlfn.IFNA(VLOOKUP($C49&","&H3,汇编指令!$C$2:$D$235,2,FALSE),"-1") -> -1 | I49: =_xlfn.IFNA(VLOOKUP($C49&","&I3,汇编指令!$C$2:$D$235,2,FALSE),"-1") -> -1 | J49: =_xlfn.IFNA(VLOOKUP($C49&","&J3,汇编指令!$C$2:$D$235,2,FALSE),"-1") -> -1 | K49: =_xlfn.IFNA(VLOOKUP($C49&","&K3,汇编指令!$C$2:$D$235,2,FALSE),"-1") -> -1 | L49: =_xlfn.IFNA(VLOOKUP($C49&","&L3,汇编指令!$C$2:$D$235,2,FALSE),"-1") -> -1 | ... AB49: =_xlfn.IFNA(VLOOKUP($C49&","&AB3,汇编指令!$C$2:$D$235,2,FALSE),"-1") -> -1
A50: 1 | B50: =ROW()-4 -> 46 | C50: RL | D50: =DEC2HEX(B50) -> 2E | E50: =_xlfn.IFNA(VLOOKUP($C50&","&E3,汇编指令!$C$2:$D$235,2,FALSE),"-1") -> 23 | F50: =_xlfn.IFNA(VLOOKUP($C50&","&F3,汇编指令!$C$2:$D$235,2,FALSE),"-1") -> -1 | G50: =_xlfn.IFNA(VLOOKUP($C50&","&G3,汇编指令!$C$2:$D$235,2,FALSE),"-1") -> -1 | H50: =_xlfn.IFNA(VLOOKUP($C50&","&H3,汇编指令!$C$2:$D$235,2,FALSE),"-1") -> -1 | I50: =_xlfn.IFNA(VLOOKUP($C50&","&I3,汇编指令!$C$2:$D$235,2,FALSE),"-1") -> -1 | J50: =_xlfn.IFNA(VLOOKUP($C50&","&J3,汇编指令!$C$2:$D$235,2,FALSE),"-1") -> -1 | K50: =_xlfn.IFNA(VLOOKUP($C50&","&K3,汇编指令!$C$2:$D$235,2,FALSE),"-1") -> -1 | L50: =_xlfn.IFNA(VLOOKUP($C50&","&L3,汇编指令!$C$2:$D$235,2,FALSE),"-1") -> -1 | ... AB50: =_xlfn.IFNA(VLOOKUP($C50&","&AB3,汇编指令!$C$2:$D$235,2,FALSE),"-1") -> -1
A51: 1 | B51: =ROW()-4 -> 47 | C51: RLC | D51: =DEC2HEX(B51) -> 2F | E51: =_xlfn.IFNA(VLOOKUP($C51&","&E3,汇编指令!$C$2:$D$235,2,FALSE),"-1") -> 33 | F51: =_xlfn.IFNA(VLOOKUP($C51&","&F3,汇编指令!$C$2:$D$235,2,FALSE),"-1") -> -1 | G51: =_xlfn.IFNA(VLOOKUP($C51&","&G3,汇编指令!$C$2:$D$235,2,FALSE),"-1") -> -1 | H51: =_xlfn.IFNA(VLOOKUP($C51&","&H3,汇编指令!$C$2:$D$235,2,FALSE),"-1") -> -1 | I51: =_xlfn.IFNA(VLOOKUP($C51&","&I3,汇编指令!$C$2:$D$235,2,FALSE),"-1") -> -1 | J51: =_xlfn.IFNA(VLOOKUP($C51&","&J3,汇编指令!$C$2:$D$235,2,FALSE),"-1") -> -1 | K51: =_xlfn.IFNA(VLOOKUP($C51&","&K3,汇编指令!$C$2:$D$235,2,FALSE),"-1") -> -1 | L51: =_xlfn.IFNA(VLOOKUP($C51&","&L3,汇编指令!$C$2:$D$235,2,FALSE),"-1") -> -1 | ... AB51: =_xlfn.IFNA(VLOOKUP($C51&","&AB3,汇编指令!$C$2:$D$235,2,FALSE),"-1") -> -1
A52: 1 | B52: =ROW()-4 -> 48 | C52: RR | D52: =DEC2HEX(B52) -> 30 | E52: =_xlfn.IFNA(VLOOKUP($C52&","&E3,汇编指令!$C$2:$D$235,2,FALSE),"-1") -> 3 | F52: =_xlfn.IFNA(VLOOKUP($C52&","&F3,汇编指令!$C$2:$D$235,2,FALSE),"-1") -> -1 | G52: =_xlfn.IFNA(VLOOKUP($C52&","&G3,汇编指令!$C$2:$D$235,2,FALSE),"-1") -> -1 | H52: =_xlfn.IFNA(VLOOKUP($C52&","&H3,汇编指令!$C$2:$D$235,2,FALSE),"-1") -> -1 | I52: =_xlfn.IFNA(VLOOKUP($C52&","&I3,汇编指令!$C$2:$D$235,2,FALSE),"-1") -> -1 | J52: =_xlfn.IFNA(VLOOKUP($C52&","&J3,汇编指令!$C$2:$D$235,2,FALSE),"-1") -> -1 | K52: =_xlfn.IFNA(VLOOKUP($C52&","&K3,汇编指令!$C$2:$D$235,2,FALSE),"-1") -> -1 | L52: =_xlfn.IFNA(VLOOKUP($C52&","&L3,汇编指令!$C$2:$D$235,2,FALSE),"-1") -> -1 | ... AB52: =_xlfn.IFNA(VLOOKUP($C52&","&AB3,汇编指令!$C$2:$D$235,2,FALSE),"-1") -> -1
A53: 1 | B53: =ROW()-4 -> 49 | C53: RRC | D53: =DEC2HEX(B53) -> 31 | E53: =_xlfn.IFNA(VLOOKUP($C53&","&E3,汇编指令!$C$2:$D$235,2,FALSE),"-1") -> 13 | F53: =_xlfn.IFNA(VLOOKUP($C53&","&F3,汇编指令!$C$2:$D$235,2,FALSE),"-1") -> -1 | G53: =_xlfn.IFNA(VLOOKUP($C53&","&G3,汇编指令!$C$2:$D$235,2,FALSE),"-1") -> -1 | H53: =_xlfn.IFNA(VLOOKUP($C53&","&H3,汇编指令!$C$2:$D$235,2,FALSE),"-1") -> -1 | I53: =_xlfn.IFNA(VLOOKUP($C53&","&I3,汇编指令!$C$2:$D$235,2,FALSE),"-1") -> -1 | J53: =_xlfn.IFNA(VLOOKUP($C53&","&J3,汇编指令!$C$2:$D$235,2,FALSE),"-1") -> -1 | K53: =_xlfn.IFNA(VLOOKUP($C53&","&K3,汇编指令!$C$2:$D$235,2,FALSE),"-1") -> -1 | L53: =_xlfn.IFNA(VLOOKUP($C53&","&L3,汇编指令!$C$2:$D$235,2,FALSE),"-1") -> -1 | ... AB53: =_xlfn.IFNA(VLOOKUP($C53&","&AB3,汇编指令!$C$2:$D$235,2,FALSE),"-1") -> -1
A54: 1 | B54: =ROW()-4 -> 50 | C54: SETB | D54: =DEC2HEX(B54) -> 32 | E54: =_xlfn.IFNA(VLOOKUP($C54&","&E3,汇编指令!$C$2:$D$235,2,FALSE),"-1") -> -1 | F54: =_xlfn.IFNA(VLOOKUP($C54&","&F3,汇编指令!$C$2:$D$235,2,FALSE),"-1") -> -1 | G54: =_xlfn.IFNA(VLOOKUP($C54&","&G3,汇编指令!$C$2:$D$235,2,FALSE),"-1") -> -1 | H54: =_xlfn.IFNA(VLOOKUP($C54&","&H3,汇编指令!$C$2:$D$235,2,FALSE),"-1") -> -1 | I54: =_xlfn.IFNA(VLOOKUP($C54&","&I3,汇编指令!$C$2:$D$235,2,FALSE),"-1") -> -1 | J54: =_xlfn.IFNA(VLOOKUP($C54&","&J3,汇编指令!$C$2:$D$235,2,FALSE),"-1") -> -1 | K54: =_xlfn.IFNA(VLOOKUP($C54&","&K3,汇编指令!$C$2:$D$235,2,FALSE),"-1") -> -1 | L54: =_xlfn.IFNA(VLOOKUP($C54&","&L3,汇编指令!$C$2:$D$235,2,FALSE),"-1") -> -1 | ... AB54: =_xlfn.IFNA(VLOOKUP($C54&","&AB3,汇编指令!$C$2:$D$235,2,FALSE),"-1") -> -1
A55: 1 | B55: =ROW()-4 -> 51 | C55: SJMP | D55: =DEC2HEX(B55) -> 33 | E55: =_xlfn.IFNA(VLOOKUP($C55&","&E3,汇编指令!$C$2:$D$235,2,FALSE),"-1") -> -1 | F55: =_xlfn.IFNA(VLOOKUP($C55&","&F3,汇编指令!$C$2:$D$235,2,FALSE),"-1") -> -1 | G55: =_xlfn.IFNA(VLOOKUP($C55&","&G3,汇编指令!$C$2:$D$235,2,FALSE),"-1") -> -1 | H55: =_xlfn.IFNA(VLOOKUP($C55&","&H3,汇编指令!$C$2:$D$235,2,FALSE),"-1") -> -1 | I55: =_xlfn.IFNA(VLOOKUP($C55&","&I3,汇编指令!$C$2:$D$235,2,FALSE),"-1") -> -1 | J55: =_xlfn.IFNA(VLOOKUP($C55&","&J3,汇编指令!$C$2:$D$235,2,FALSE),"-1") -> -1 | K55: =_xlfn.IFNA(VLOOKUP($C55&","&K3,汇编指令!$C$2:$D$235,2,FALSE),"-1") -> -1 | L55: =_xlfn.IFNA(VLOOKUP($C55&","&L3,汇编指令!$C$2:$D$235,2,FALSE),"-1") -> -1 | ... AB55: =_xlfn.IFNA(VLOOKUP($C55&","&AB3,汇编指令!$C$2:$D$235,2,FALSE),"-1") -> -1
A56: 1 | B56: =ROW()-4 -> 52 | C56: SWAP | D56: =DEC2HEX(B56) -> 34 | E56: =_xlfn.IFNA(VLOOKUP($C56&","&E3,汇编指令!$C$2:$D$235,2,FALSE),"-1") -> C4 | F56: =_xlfn.IFNA(VLOOKUP($C56&","&F3,汇编指令!$C$2:$D$235,2,FALSE),"-1") -> -1 | G56: =_xlfn.IFNA(VLOOKUP($C56&","&G3,汇编指令!$C$2:$D$235,2,FALSE),"-1") -> -1 | H56: =_xlfn.IFNA(VLOOKUP($C56&","&H3,汇编指令!$C$2:$D$235,2,FALSE),"-1") -> -1 | I56: =_xlfn.IFNA(VLOOKUP($C56&","&I3,汇编指令!$C$2:$D$235,2,FALSE),"-1") -> -1 | J56: =_xlfn.IFNA(VLOOKUP($C56&","&J3,汇编指令!$C$2:$D$235,2,FALSE),"-1") -> -1 | K56: =_xlfn.IFNA(VLOOKUP($C56&","&K3,汇编指令!$C$2:$D$235,2,FALSE),"-1") -> -1 | L56: =_xlfn.IFNA(VLOOKUP($C56&","&L3,汇编指令!$C$2:$D$235,2,FALSE),"-1") -> -1 | ... AB56: =_xlfn.IFNA(VLOOKUP($C56&","&AB3,汇编指令!$C$2:$D$235,2,FALSE),"-1") -> -1
A57: 2 | B57: =ROW()-4 -> 53 | C57: ADD,A | D57: =DEC2HEX(B57) -> 35 | E57: =_xlfn.IFNA(VLOOKUP($C57&","&E3,汇编指令!$C$2:$D$235,2,FALSE),"-1") -> -1 | F57: =_xlfn.IFNA(VLOOKUP($C57&","&F3,汇编指令!$C$2:$D$235,2,FALSE),"-1") -> 28 | G57: =_xlfn.IFNA(VLOOKUP($C57&","&G3,汇编指令!$C$2:$D$235,2,FALSE),"-1") -> 29 | H57: =_xlfn.IFNA(VLOOKUP($C57&","&H3,汇编指令!$C$2:$D$235,2,FALSE),"-1") -> 2A | I57: =_xlfn.IFNA(VLOOKUP($C57&","&I3,汇编指令!$C$2:$D$235,2,FALSE),"-1") -> 2B | J57: =_xlfn.IFNA(VLOOKUP($C57&","&J3,汇编指令!$C$2:$D$235,2,FALSE),"-1") -> 2C | K57: =_xlfn.IFNA(VLOOKUP($C57&","&K3,汇编指令!$C$2:$D$235,2,FALSE),"-1") -> 2D | L57: =_xlfn.IFNA(VLOOKUP($C57&","&L3,汇编指令!$C$2:$D$235,2,FALSE),"-1") -> 2E | ... AB57: =_xlfn.IFNA(VLOOKUP($C57&","&AB3,汇编指令!$C$2:$D$235,2,FALSE),"-1") -> -1
A58: 2 | B58: =ROW()-4 -> 54 | C58: ADDC,A | D58: =DEC2HEX(B58) -> 36 | E58: =_xlfn.IFNA(VLOOKUP($C58&","&E3,汇编指令!$C$2:$D$235,2,FALSE),"-1") -> -1 | F58: =_xlfn.IFNA(VLOOKUP($C58&","&F3,汇编指令!$C$2:$D$235,2,FALSE),"-1") -> 38 | G58: =_xlfn.IFNA(VLOOKUP($C58&","&G3,汇编指令!$C$2:$D$235,2,FALSE),"-1") -> 39 | H58: =_xlfn.IFNA(VLOOKUP($C58&","&H3,汇编指令!$C$2:$D$235,2,FALSE),"-1") -> 3A | I58: =_xlfn.IFNA(VLOOKUP($C58&","&I3,汇编指令!$C$2:$D$235,2,FALSE),"-1") -> 3B | J58: =_xlfn.IFNA(VLOOKUP($C58&","&J3,汇编指令!$C$2:$D$235,2,FALSE),"-1") -> 3C | K58: =_xlfn.IFNA(VLOOKUP($C58&","&K3,汇编指令!$C$2:$D$235,2,FALSE),"-1") -> 3D | L58: =_xlfn.IFNA(VLOOKUP($C58&","&L3,汇编指令!$C$2:$D$235,2,FALSE),"-1") -> 3E | ... AB58: =_xlfn.IFNA(VLOOKUP($C58&","&AB3,汇编指令!$C$2:$D$235,2,FALSE),"-1") -> -1
A59: 2 | B59: =ROW()-4 -> 55 | C59: ANL,A | D59: =DEC2HEX(B59) -> 37 | E59: =_xlfn.IFNA(VLOOKUP($C59&","&E3,汇编指令!$C$2:$D$235,2,FALSE),"-1") -> -1 | F59: =_xlfn.IFNA(VLOOKUP($C59&","&F3,汇编指令!$C$2:$D$235,2,FALSE),"-1") -> 58 | G59: =_xlfn.IFNA(VLOOKUP($C59&","&G3,汇编指令!$C$2:$D$235,2,FALSE),"-1") -> 59 | H59: =_xlfn.IFNA(VLOOKUP($C59&","&H3,汇编指令!$C$2:$D$235,2,FALSE),"-1") -> 5A | I59: =_xlfn.IFNA(VLOOKUP($C59&","&I3,汇编指令!$C$2:$D$235,2,FALSE),"-1") -> 5B | J59: =_xlfn.IFNA(VLOOKUP($C59&","&J3,汇编指令!$C$2:$D$235,2,FALSE),"-1") -> 5C | K59: =_xlfn.IFNA(VLOOKUP($C59&","&K3,汇编指令!$C$2:$D$235,2,FALSE),"-1") -> 5D | L59: =_xlfn.IFNA(VLOOKUP($C59&","&L3,汇编指令!$C$2:$D$235,2,FALSE),"-1") -> 5E | ... AB59: =_xlfn.IFNA(VLOOKUP($C59&","&AB3,汇编指令!$C$2:$D$235,2,FALSE),"-1") -> -1
A60: 2 | B60: =ROW()-4 -> 56 | C60: ANL,C | D60: =DEC2HEX(B60) -> 38 | E60: =_xlfn.IFNA(VLOOKUP($C60&","&E3,汇编指令!$C$2:$D$235,2,FALSE),"-1") -> -1 | F60: =_xlfn.IFNA(VLOOKUP($C60&","&F3,汇编指令!$C$2:$D$235,2,FALSE),"-1") -> -1 | G60: =_xlfn.IFNA(VLOOKUP($C60&","&G3,汇编指令!$C$2:$D$235,2,FALSE),"-1") -> -1 | H60: =_xlfn.IFNA(VLOOKUP($C60&","&H3,汇编指令!$C$2:$D$235,2,FALSE),"-1") -> -1 | I60: =_xlfn.IFNA(VLOOKUP($C60&","&I3,汇编指令!$C$2:$D$235,2,FALSE),"-1") -> -1 | J60: =_xlfn.IFNA(VLOOKUP($C60&","&J3,汇编指令!$C$2:$D$235,2,FALSE),"-1") -> -1 | K60: =_xlfn.IFNA(VLOOKUP($C60&","&K3,汇编指令!$C$2:$D$235,2,FALSE),"-1") -> -1 | L60: =_xlfn.IFNA(VLOOKUP($C60&","&L3,汇编指令!$C$2:$D$235,2,FALSE),"-1") -> -1 | ... AB60: =_xlfn.IFNA(VLOOKUP($C60&","&AB3,汇编指令!$C$2:$D$235,2,FALSE),"-1") -> B0
A61: 2 | B61: =ROW()-4 -> 57 | C61: ANL,direct | D61: =DEC2HEX(B61) -> 39 | E61: =_xlfn.IFNA(VLOOKUP($C61&","&E3,汇编指令!$C$2:$D$235,2,FALSE),"-1") -> -1 | F61: =_xlfn.IFNA(VLOOKUP($C61&","&F3,汇编指令!$C$2:$D$235,2,FALSE),"-1") -> -1 | G61: =_xlfn.IFNA(VLOOKUP($C61&","&G3,汇编指令!$C$2:$D$235,2,FALSE),"-1") -> -1 | H61: =_xlfn.IFNA(VLOOKUP($C61&","&H3,汇编指令!$C$2:$D$235,2,FALSE),"-1") -> -1 | I61: =_xlfn.IFNA(VLOOKUP($C61&","&I3,汇编指令!$C$2:$D$235,2,FALSE),"-1") -> -1 | J61: =_xlfn.IFNA(VLOOKUP($C61&","&J3,汇编指令!$C$2:$D$235,2,FALSE),"-1") -> -1 | K61: =_xlfn.IFNA(VLOOKUP($C61&","&K3,汇编指令!$C$2:$D$235,2,FALSE),"-1") -> -1 | L61: =_xlfn.IFNA(VLOOKUP($C61&","&L3,汇编指令!$C$2:$D$235,2,FALSE),"-1") -> -1 | ... AB61: =_xlfn.IFNA(VLOOKUP($C61&","&AB3,汇编指令!$C$2:$D$235,2,FALSE),"-1") -> -1
A62: 2 | B62: =ROW()-4 -> 58 | C62: DJNZ,R0 | D62: =DEC2HEX(B62) -> 3A | E62: =_xlfn.IFNA(VLOOKUP($C62&","&E3,汇编指令!$C$2:$D$235,2,FALSE),"-1") -> -1 | F62: =_xlfn.IFNA(VLOOKUP($C62&","&F3,汇编指令!$C$2:$D$235,2,FALSE),"-1") -> -1 | G62: =_xlfn.IFNA(VLOOKUP($C62&","&G3,汇编指令!$C$2:$D$235,2,FALSE),"-1") -> -1 | H62: =_xlfn.IFNA(VLOOKUP($C62&","&H3,汇编指令!$C$2:$D$235,2,FALSE),"-1") -> -1 | I62: =_xlfn.IFNA(VLOOKUP($C62&","&I3,汇编指令!$C$2:$D$235,2,FALSE),"-1") -> -1 | J62: =_xlfn.IFNA(VLOOKUP($C62&","&J3,汇编指令!$C$2:$D$235,2,FALSE),"-1") -> -1 | K62: =_xlfn.IFNA(VLOOKUP($C62&","&K3,汇编指令!$C$2:$D$235,2,FALSE),"-1") -> -1 | L62: =_xlfn.IFNA(VLOOKUP($C62&","&L3,汇编指令!$C$2:$D$235,2,FALSE),"-1") -> -1 | ... AB62: =_xlfn.IFNA(VLOOKUP($C62&","&AB3,汇编指令!$C$2:$D$235,2,FALSE),"-1") -> -1
A63: 2 | B63: =ROW()-4 -> 59 | C63: DJNZ,R1 | D63: =DEC2HEX(B63) -> 3B | E63: =_xlfn.IFNA(VLOOKUP($C63&","&E3,汇编指令!$C$2:$D$235,2,FALSE),"-1") -> -1 | F63: =_xlfn.IFNA(VLOOKUP($C63&","&F3,汇编指令!$C$2:$D$235,2,FALSE),"-1") -> -1 | G63: =_xlfn.IFNA(VLOOKUP($C63&","&G3,汇编指令!$C$2:$D$235,2,FALSE),"-1") -> -1 | H63: =_xlfn.IFNA(VLOOKUP($C63&","&H3,汇编指令!$C$2:$D$235,2,FALSE),"-1") -> -1 | I63: =_xlfn.IFNA(VLOOKUP($C63&","&I3,汇编指令!$C$2:$D$235,2,FALSE),"-1") -> -1 | J63: =_xlfn.IFNA(VLOOKUP($C63&","&J3,汇编指令!$C$2:$D$235,2,FALSE),"-1") -> -1 | K63: =_xlfn.IFNA(VLOOKUP($C63&","&K3,汇编指令!$C$2:$D$235,2,FALSE),"-1") -> -1 | L63: =_xlfn.IFNA(VLOOKUP($C63&","&L3,汇编指令!$C$2:$D$235,2,FALSE),"-1") -> -1 | ... AB63: =_xlfn.IFNA(VLOOKUP($C63&","&AB3,汇编指令!$C$2:$D$235,2,FALSE),"-1") -> -1
A64: 2 | B64: =ROW()-4 -> 60 | C64: DJNZ,R2 | D64: =DEC2HEX(B64) -> 3C | E64: =_xlfn.IFNA(VLOOKUP($C64&","&E3,汇编指令!$C$2:$D$235,2,FALSE),"-1") -> -1 | F64: =_xlfn.IFNA(VLOOKUP($C64&","&F3,汇编指令!$C$2:$D$235,2,FALSE),"-1") -> -1 | G64: =_xlfn.IFNA(VLOOKUP($C64&","&G3,汇编指令!$C$2:$D$235,2,FALSE),"-1") -> -1 | H64: =_xlfn.IFNA(VLOOKUP($C64&","&H3,汇编指令!$C$2:$D$235,2,FALSE),"-1") -> -1 | I64: =_xlfn.IFNA(VLOOKUP($C64&","&I3,汇编指令!$C$2:$D$235,2,FALSE),"-1") -> -1 | J64: =_xlfn.IFNA(VLOOKUP($C64&","&J3,汇编指令!$C$2:$D$235,2,FALSE),"-1") -> -1 | K64: =_xlfn.IFNA(VLOOKUP($C64&","&K3,汇编指令!$C$2:$D$235,2,FALSE),"-1") -> -1 | L64: =_xlfn.IFNA(VLOOKUP($C64&","&L3,汇编指令!$C$2:$D$235,2,FALSE),"-1") -> -1 | ... AB64: =_xlfn.IFNA(VLOOKUP($C64&","&AB3,汇编指令!$C$2:$D$235,2,FALSE),"-1") -> -1
A65: 2 | B65: =ROW()-4 -> 61 | C65: DJNZ,R3 | D65: =DEC2HEX(B65) -> 3D | E65: =_xlfn.IFNA(VLOOKUP($C65&","&E3,汇编指令!$C$2:$D$235,2,FALSE),"-1") -> -1 | F65: =_xlfn.IFNA(VLOOKUP($C65&","&F3,汇编指令!$C$2:$D$235,2,FALSE),"-1") -> -1 | G65: =_xlfn.IFNA(VLOOKUP($C65&","&G3,汇编指令!$C$2:$D$235,2,FALSE),"-1") -> -1 | H65: =_xlfn.IFNA(VLOOKUP($C65&","&H3,汇编指令!$C$2:$D$235,2,FALSE),"-1") -> -1 | I65: =_xlfn.IFNA(VLOOKUP($C65&","&I3,汇编指令!$C$2:$D$235,2,FALSE),"-1") -> -1 | J65: =_xlfn.IFNA(VLOOKUP($C65&","&J3,汇编指令!$C$2:$D$235,2,FALSE),"-1") -> -1 | K65: =_xlfn.IFNA(VLOOKUP($C65&","&K3,汇编指令!$C$2:$D$235,2,FALSE),"-1") -> -1 | L65: =_xlfn.IFNA(VLOOKUP($C65&","&L3,汇编指令!$C$2:$D$235,2,FALSE),"-1") -> -1 | ... AB65: =_xlfn.IFNA(VLOOKUP($C65&","&AB3,汇编指令!$C$2:$D$235,2,FALSE),"-1") -> -1
A66: 2 | B66: =ROW()-4 -> 62 | C66: DJNZ,R4 | D66: =DEC2HEX(B66) -> 3E | E66: =_xlfn.IFNA(VLOOKUP($C66&","&E3,汇编指令!$C$2:$D$235,2,FALSE),"-1") -> -1 | F66: =_xlfn.IFNA(VLOOKUP($C66&","&F3,汇编指令!$C$2:$D$235,2,FALSE),"-1") -> -1 | G66: =_xlfn.IFNA(VLOOKUP($C66&","&G3,汇编指令!$C$2:$D$235,2,FALSE),"-1") -> -1 | H66: =_xlfn.IFNA(VLOOKUP($C66&","&H3,汇编指令!$C$2:$D$235,2,FALSE),"-1") -> -1 | I66: =_xlfn.IFNA(VLOOKUP($C66&","&I3,汇编指令!$C$2:$D$235,2,FALSE),"-1") -> -1 | J66: =_xlfn.IFNA(VLOOKUP($C66&","&J3,汇编指令!$C$2:$D$235,2,FALSE),"-1") -> -1 | K66: =_xlfn.IFNA(VLOOKUP($C66&","&K3,汇编指令!$C$2:$D$235,2,FALSE),"-1") -> -1 | L66: =_xlfn.IFNA(VLOOKUP($C66&","&L3,汇编指令!$C$2:$D$235,2,FALSE),"-1") -> -1 | ... AB66: =_xlfn.IFNA(VLOOKUP($C66&","&AB3,汇编指令!$C$2:$D$235,2,FALSE),"-1") -> -1
A67: 2 | B67: =ROW()-4 -> 63 | C67: DJNZ,R5 | D67: =DEC2HEX(B67) -> 3F | E67: =_xlfn.IFNA(VLOOKUP($C67&","&E3,汇编指令!$C$2:$D$235,2,FALSE),"-1") -> -1 | F67: =_xlfn.IFNA(VLOOKUP($C67&","&F3,汇编指令!$C$2:$D$235,2,FALSE),"-1") -> -1 | G67: =_xlfn.IFNA(VLOOKUP($C67&","&G3,汇编指令!$C$2:$D$235,2,FALSE),"-1") -> -1 | H67: =_xlfn.IFNA(VLOOKUP($C67&","&H3,汇编指令!$C$2:$D$235,2,FALSE),"-1") -> -1 | I67: =_xlfn.IFNA(VLOOKUP($C67&","&I3,汇编指令!$C$2:$D$235,2,FALSE),"-1") -> -1 | J67: =_xlfn.IFNA(VLOOKUP($C67&","&J3,汇编指令!$C$2:$D$235,2,FALSE),"-1") -> -1 | K67: =_xlfn.IFNA(VLOOKUP($C67&","&K3,汇编指令!$C$2:$D$235,2,FALSE),"-1") -> -1 | L67: =_xlfn.IFNA(VLOOKUP($C67&","&L3,汇编指令!$C$2:$D$235,2,FALSE),"-1") -> -1 | ... AB67: =_xlfn.IFNA(VLOOKUP($C67&","&AB3,汇编指令!$C$2:$D$235,2,FALSE),"-1") -> -1
A68: 2 | B68: =ROW()-4 -> 64 | C68: DJNZ,R6 | D68: =DEC2HEX(B68) -> 40 | E68: =_xlfn.IFNA(VLOOKUP($C68&","&E3,汇编指令!$C$2:$D$235,2,FALSE),"-1") -> -1 | F68: =_xlfn.IFNA(VLOOKUP($C68&","&F3,汇编指令!$C$2:$D$235,2,FALSE),"-1") -> -1 | G68: =_xlfn.IFNA(VLOOKUP($C68&","&G3,汇编指令!$C$2:$D$235,2,FALSE),"-1") -> -1 | H68: =_xlfn.IFNA(VLOOKUP($C68&","&H3,汇编指令!$C$2:$D$235,2,FALSE),"-1") -> -1 | I68: =_xlfn.IFNA(VLOOKUP($C68&","&I3,汇编指令!$C$2:$D$235,2,FALSE),"-1") -> -1 | J68: =_xlfn.IFNA(VLOOKUP($C68&","&J3,汇编指令!$C$2:$D$235,2,FALSE),"-1") -> -1 | K68: =_xlfn.IFNA(VLOOKUP($C68&","&K3,汇编指令!$C$2:$D$235,2,FALSE),"-1") -> -1 | L68: =_xlfn.IFNA(VLOOKUP($C68&","&L3,汇编指令!$C$2:$D$235,2,FALSE),"-1") -> -1 | ... AB68: =_xlfn.IFNA(VLOOKUP($C68&","&AB3,汇编指令!$C$2:$D$235,2,FALSE),"-1") -> -1
A69: 2 | B69: =ROW()-4 -> 65 | C69: DJNZ,R7 | D69: =DEC2HEX(B69) -> 41 | E69: =_xlfn.IFNA(VLOOKUP($C69&","&E3,汇编指令!$C$2:$D$235,2,FALSE),"-1") -> -1 | F69: =_xlfn.IFNA(VLOOKUP($C69&","&F3,汇编指令!$C$2:$D$235,2,FALSE),"-1") -> -1 | G69: =_xlfn.IFNA(VLOOKUP($C69&","&G3,汇编指令!$C$2:$D$235,2,FALSE),"-1") -> -1 | H69: =_xlfn.IFNA(VLOOKUP($C69&","&H3,汇编指令!$C$2:$D$235,2,FALSE),"-1") -> -1 | I69: =_xlfn.IFNA(VLOOKUP($C69&","&I3,汇编指令!$C$2:$D$235,2,FALSE),"-1") -> -1 | J69: =_xlfn.IFNA(VLOOKUP($C69&","&J3,汇编指令!$C$2:$D$235,2,FALSE),"-1") -> -1 | K69: =_xlfn.IFNA(VLOOKUP($C69&","&K3,汇编指令!$C$2:$D$235,2,FALSE),"-1") -> -1 | L69: =_xlfn.IFNA(VLOOKUP($C69&","&L3,汇编指令!$C$2:$D$235,2,FALSE),"-1") -> -1 | ... AB69: =_xlfn.IFNA(VLOOKUP($C69&","&AB3,汇编指令!$C$2:$D$235,2,FALSE),"-1") -> -1
A70: 2 | B70: =ROW()-4 -> 66 | C70: JB,bit | D70: =DEC2HEX(B70) -> 42 | E70: =_xlfn.IFNA(VLOOKUP($C70&","&E3,汇编指令!$C$2:$D$235,2,FALSE),"-1") -> -1 | F70: =_xlfn.IFNA(VLOOKUP($C70&","&F3,汇编指令!$C$2:$D$235,2,FALSE),"-1") -> -1 | G70: =_xlfn.IFNA(VLOOKUP($C70&","&G3,汇编指令!$C$2:$D$235,2,FALSE),"-1") -> -1 | H70: =_xlfn.IFNA(VLOOKUP($C70&","&H3,汇编指令!$C$2:$D$235,2,FALSE),"-1") -> -1 | I70: =_xlfn.IFNA(VLOOKUP($C70&","&I3,汇编指令!$C$2:$D$235,2,FALSE),"-1") -> -1 | J70: =_xlfn.IFNA(VLOOKUP($C70&","&J3,汇编指令!$C$2:$D$235,2,FALSE),"-1") -> -1 | K70: =_xlfn.IFNA(VLOOKUP($C70&","&K3,汇编指令!$C$2:$D$235,2,FALSE),"-1") -> -1 | L70: =_xlfn.IFNA(VLOOKUP($C70&","&L3,汇编指令!$C$2:$D$235,2,FALSE),"-1") -> -1 | ... AB70: =_xlfn.IFNA(VLOOKUP($C70&","&AB3,汇编指令!$C$2:$D$235,2,FALSE),"-1") -> -1
A71: 2 | B71: =ROW()-4 -> 67 | C71: JBC,bit | D71: =DEC2HEX(B71) -> 43 | E71: =_xlfn.IFNA(VLOOKUP($C71&","&E3,汇编指令!$C$2:$D$235,2,FALSE),"-1") -> -1 | F71: =_xlfn.IFNA(VLOOKUP($C71&","&F3,汇编指令!$C$2:$D$235,2,FALSE),"-1") -> -1 | G71: =_xlfn.IFNA(VLOOKUP($C71&","&G3,汇编指令!$C$2:$D$235,2,FALSE),"-1") -> -1 | H71: =_xlfn.IFNA(VLOOKUP($C71&","&H3,汇编指令!$C$2:$D$235,2,FALSE),"-1") -> -1 | I71: =_xlfn.IFNA(VLOOKUP($C71&","&I3,汇编指令!$C$2:$D$235,2,FALSE),"-1") -> -1 | J71: =_xlfn.IFNA(VLOOKUP($C71&","&J3,汇编指令!$C$2:$D$235,2,FALSE),"-1") -> -1 | K71: =_xlfn.IFNA(VLOOKUP($C71&","&K3,汇编指令!$C$2:$D$235,2,FALSE),"-1") -> -1 | L71: =_xlfn.IFNA(VLOOKUP($C71&","&L3,汇编指令!$C$2:$D$235,2,FALSE),"-1") -> -1 | ... AB71: =_xlfn.IFNA(VLOOKUP($C71&","&AB3,汇编指令!$C$2:$D$235,2,FALSE),"-1") -> -1
A72: 2 | B72: =ROW()-4 -> 68 | C72: JNB,bit | D72: =DEC2HEX(B72) -> 44 | E72: =_xlfn.IFNA(VLOOKUP($C72&","&E3,汇编指令!$C$2:$D$235,2,FALSE),"-1") -> -1 | F72: =_xlfn.IFNA(VLOOKUP($C72&","&F3,汇编指令!$C$2:$D$235,2,FALSE),"-1") -> -1 | G72: =_xlfn.IFNA(VLOOKUP($C72&","&G3,汇编指令!$C$2:$D$235,2,FALSE),"-1") -> -1 | H72: =_xlfn.IFNA(VLOOKUP($C72&","&H3,汇编指令!$C$2:$D$235,2,FALSE),"-1") -> -1 | I72: =_xlfn.IFNA(VLOOKUP($C72&","&I3,汇编指令!$C$2:$D$235,2,FALSE),"-1") -> -1 | J72: =_xlfn.IFNA(VLOOKUP($C72&","&J3,汇编指令!$C$2:$D$235,2,FALSE),"-1") -> -1 | K72: =_xlfn.IFNA(VLOOKUP($C72&","&K3,汇编指令!$C$2:$D$235,2,FALSE),"-1") -> -1 | L72: =_xlfn.IFNA(VLOOKUP($C72&","&L3,汇编指令!$C$2:$D$235,2,FALSE),"-1") -> -1 | ... AB72: =_xlfn.IFNA(VLOOKUP($C72&","&AB3,汇编指令!$C$2:$D$235,2,FALSE),"-1") -> -1
A73: 2 | B73: =ROW()-4 -> 69 | C73: MOV,@R0 | D73: =DEC2HEX(B73) -> 45 | E73: =_xlfn.IFNA(VLOOKUP($C73&","&E3,汇编指令!$C$2:$D$235,2,FALSE),"-1") -> F6 | F73: =_xlfn.IFNA(VLOOKUP($C73&","&F3,汇编指令!$C$2:$D$235,2,FALSE),"-1") -> -1 | G73: =_xlfn.IFNA(VLOOKUP($C73&","&G3,汇编指令!$C$2:$D$235,2,FALSE),"-1") -> -1 | H73: =_xlfn.IFNA(VLOOKUP($C73&","&H3,汇编指令!$C$2:$D$235,2,FALSE),"-1") -> -1 | I73: =_xlfn.IFNA(VLOOKUP($C73&","&I3,汇编指令!$C$2:$D$235,2,FALSE),"-1") -> -1 | J73: =_xlfn.IFNA(VLOOKUP($C73&","&J3,汇编指令!$C$2:$D$235,2,FALSE),"-1") -> -1 | K73: =_xlfn.IFNA(VLOOKUP($C73&","&K3,汇编指令!$C$2:$D$235,2,FALSE),"-1") -> -1 | L73: =_xlfn.IFNA(VLOOKUP($C73&","&L3,汇编指令!$C$2:$D$235,2,FALSE),"-1") -> -1 | ... AB73: =_xlfn.IFNA(VLOOKUP($C73&","&AB3,汇编指令!$C$2:$D$235,2,FALSE),"-1") -> -1
A74: 2 | B74: =ROW()-4 -> 70 | C74: MOV,@R1 | D74: =DEC2HEX(B74) -> 46 | E74: =_xlfn.IFNA(VLOOKUP($C74&","&E3,汇编指令!$C$2:$D$235,2,FALSE),"-1") -> F7 | F74: =_xlfn.IFNA(VLOOKUP($C74&","&F3,汇编指令!$C$2:$D$235,2,FALSE),"-1") -> -1 | G74: =_xlfn.IFNA(VLOOKUP($C74&","&G3,汇编指令!$C$2:$D$235,2,FALSE),"-1") -> -1 | H74: =_xlfn.IFNA(VLOOKUP($C74&","&H3,汇编指令!$C$2:$D$235,2,FALSE),"-1") -> -1 | I74: =_xlfn.IFNA(VLOOKUP($C74&","&I3,汇编指令!$C$2:$D$235,2,FALSE),"-1") -> -1 | J74: =_xlfn.IFNA(VLOOKUP($C74&","&J3,汇编指令!$C$2:$D$235,2,FALSE),"-1") -> -1 | K74: =_xlfn.IFNA(VLOOKUP($C74&","&K3,汇编指令!$C$2:$D$235,2,FALSE),"-1") -> -1 | L74: =_xlfn.IFNA(VLOOKUP($C74&","&L3,汇编指令!$C$2:$D$235,2,FALSE),"-1") -> -1 | ... AB74: =_xlfn.IFNA(VLOOKUP($C74&","&AB3,汇编指令!$C$2:$D$235,2,FALSE),"-1") -> -1
A75: 2 | B75: =ROW()-4 -> 71 | C75: MOV,A | D75: =DEC2HEX(B75) -> 47 | E75: =_xlfn.IFNA(VLOOKUP($C75&","&E3,汇编指令!$C$2:$D$235,2,FALSE),"-1") -> -1 | F75: =_xlfn.IFNA(VLOOKUP($C75&","&F3,汇编指令!$C$2:$D$235,2,FALSE),"-1") -> E8 | G75: =_xlfn.IFNA(VLOOKUP($C75&","&G3,汇编指令!$C$2:$D$235,2,FALSE),"-1") -> E9 | H75: =_xlfn.IFNA(VLOOKUP($C75&","&H3,汇编指令!$C$2:$D$235,2,FALSE),"-1") -> EA | I75: =_xlfn.IFNA(VLOOKUP($C75&","&I3,汇编指令!$C$2:$D$235,2,FALSE),"-1") -> EB | J75: =_xlfn.IFNA(VLOOKUP($C75&","&J3,汇编指令!$C$2:$D$235,2,FALSE),"-1") -> EC | K75: =_xlfn.IFNA(VLOOKUP($C75&","&K3,汇编指令!$C$2:$D$235,2,FALSE),"-1") -> ED | L75: =_xlfn.IFNA(VLOOKUP($C75&","&L3,汇编指令!$C$2:$D$235,2,FALSE),"-1") -> EE | ... AB75: =_xlfn.IFNA(VLOOKUP($C75&","&AB3,汇编指令!$C$2:$D$235,2,FALSE),"-1") -> -1
A76: 2 | B76: =ROW()-4 -> 72 | C76: MOV,bit | D76: =DEC2HEX(B76) -> 48 | E76: =_xlfn.IFNA(VLOOKUP($C76&","&E3,汇编指令!$C$2:$D$235,2,FALSE),"-1") -> -1 | F76: =_xlfn.IFNA(VLOOKUP($C76&","&F3,汇编指令!$C$2:$D$235,2,FALSE),"-1") -> -1 | G76: =_xlfn.IFNA(VLOOKUP($C76&","&G3,汇编指令!$C$2:$D$235,2,FALSE),"-1") -> -1 | H76: =_xlfn.IFNA(VLOOKUP($C76&","&H3,汇编指令!$C$2:$D$235,2,FALSE),"-1") -> -1 | I76: =_xlfn.IFNA(VLOOKUP($C76&","&I3,汇编指令!$C$2:$D$235,2,FALSE),"-1") -> -1 | J76: =_xlfn.IFNA(VLOOKUP($C76&","&J3,汇编指令!$C$2:$D$235,2,FALSE),"-1") -> -1 | K76: =_xlfn.IFNA(VLOOKUP($C76&","&K3,汇编指令!$C$2:$D$235,2,FALSE),"-1") -> -1 | L76: =_xlfn.IFNA(VLOOKUP($C76&","&L3,汇编指令!$C$2:$D$235,2,FALSE),"-1") -> -1 | ... AB76: =_xlfn.IFNA(VLOOKUP($C76&","&AB3,汇编指令!$C$2:$D$235,2,FALSE),"-1") -> -1
A77: 2 | B77: =ROW()-4 -> 73 | C77: MOV,C | D77: =DEC2HEX(B77) -> 49 | E77: =_xlfn.IFNA(VLOOKUP($C77&","&E3,汇编指令!$C$2:$D$235,2,FALSE),"-1") -> -1 | F77: =_xlfn.IFNA(VLOOKUP($C77&","&F3,汇编指令!$C$2:$D$235,2,FALSE),"-1") -> -1 | G77: =_xlfn.IFNA(VLOOKUP($C77&","&G3,汇编指令!$C$2:$D$235,2,FALSE),"-1") -> -1 | H77: =_xlfn.IFNA(VLOOKUP($C77&","&H3,汇编指令!$C$2:$D$235,2,FALSE),"-1") -> -1 | I77: =_xlfn.IFNA(VLOOKUP($C77&","&I3,汇编指令!$C$2:$D$235,2,FALSE),"-1") -> -1 | J77: =_xlfn.IFNA(VLOOKUP($C77&","&J3,汇编指令!$C$2:$D$235,2,FALSE),"-1") -> -1 | K77: =_xlfn.IFNA(VLOOKUP($C77&","&K3,汇编指令!$C$2:$D$235,2,FALSE),"-1") -> -1 | L77: =_xlfn.IFNA(VLOOKUP($C77&","&L3,汇编指令!$C$2:$D$235,2,FALSE),"-1") -> -1 | ... AB77: =_xlfn.IFNA(VLOOKUP($C77&","&AB3,汇编指令!$C$2:$D$235,2,FALSE),"-1") -> -1
A78: 2 | B78: =ROW()-4 -> 74 | C78: MOV,direct | D78: =DEC2HEX(B78) -> 4A | E78: =_xlfn.IFNA(VLOOKUP($C78&","&E3,汇编指令!$C$2:$D$235,2,FALSE),"-1") -> F5 | F78: =_xlfn.IFNA(VLOOKUP($C78&","&F3,汇编指令!$C$2:$D$235,2,FALSE),"-1") -> 88 | G78: =_xlfn.IFNA(VLOOKUP($C78&","&G3,汇编指令!$C$2:$D$235,2,FALSE),"-1") -> 89 | H78: =_xlfn.IFNA(VLOOKUP($C78&","&H3,汇编指令!$C$2:$D$235,2,FALSE),"-1") -> 8A | I78: =_xlfn.IFNA(VLOOKUP($C78&","&I3,汇编指令!$C$2:$D$235,2,FALSE),"-1") -> 8B | J78: =_xlfn.IFNA(VLOOKUP($C78&","&J3,汇编指令!$C$2:$D$235,2,FALSE),"-1") -> 8C | K78: =_xlfn.IFNA(VLOOKUP($C78&","&K3,汇编指令!$C$2:$D$235,2,FALSE),"-1") -> 8D | L78: =_xlfn.IFNA(VLOOKUP($C78&","&L3,汇编指令!$C$2:$D$235,2,FALSE),"-1") -> 8E | ... AB78: =_xlfn.IFNA(VLOOKUP($C78&","&AB3,汇编指令!$C$2:$D$235,2,FALSE),"-1") -> -1
A79: 2 | B79: =ROW()-4 -> 75 | C79: MOV,DPTR | D79: =DEC2HEX(B79) -> 4B | E79: =_xlfn.IFNA(VLOOKUP($C79&","&E3,汇编指令!$C$2:$D$235,2,FALSE),"-1") -> -1 | F79: =_xlfn.IFNA(VLOOKUP($C79&","&F3,汇编指令!$C$2:$D$235,2,FALSE),"-1") -> -1 | G79: =_xlfn.IFNA(VLOOKUP($C79&","&G3,汇编指令!$C$2:$D$235,2,FALSE),"-1") -> -1 | H79: =_xlfn.IFNA(VLOOKUP($C79&","&H3,汇编指令!$C$2:$D$235,2,FALSE),"-1") -> -1 | I79: =_xlfn.IFNA(VLOOKUP($C79&","&I3,汇编指令!$C$2:$D$235,2,FALSE),"-1") -> -1 | J79: =_xlfn.IFNA(VLOOKUP($C79&","&J3,汇编指令!$C$2:$D$235,2,FALSE),"-1") -> -1 | K79: =_xlfn.IFNA(VLOOKUP($C79&","&K3,汇编指令!$C$2:$D$235,2,FALSE),"-1") -> -1 | L79: =_xlfn.IFNA(VLOOKUP($C79&","&L3,汇编指令!$C$2:$D$235,2,FALSE),"-1") -> -1 | ... AB79: =_xlfn.IFNA(VLOOKUP($C79&","&AB3,汇编指令!$C$2:$D$235,2,FALSE),"-1") -> -1
A80: 2 | B80: =ROW()-4 -> 76 | C80: MOV,R0 | D80: =DEC2HEX(B80) -> 4C | E80: =_xlfn.IFNA(VLOOKUP($C80&","&E3,汇编指令!$C$2:$D$235,2,FALSE),"-1") -> F8 | F80: =_xlfn.IFNA(VLOOKUP($C80&","&F3,汇编指令!$C$2:$D$235,2,FALSE),"-1") -> -1 | G80: =_xlfn.IFNA(VLOOKUP($C80&","&G3,汇编指令!$C$2:$D$235,2,FALSE),"-1") -> -1 | H80: =_xlfn.IFNA(VLOOKUP($C80&","&H3,汇编指令!$C$2:$D$235,2,FALSE),"-1") -> -1 | I80: =_xlfn.IFNA(VLOOKUP($C80&","&I3,汇编指令!$C$2:$D$235,2,FALSE),"-1") -> -1 | J80: =_xlfn.IFNA(VLOOKUP($C80&","&J3,汇编指令!$C$2:$D$235,2,FALSE),"-1") -> -1 | K80: =_xlfn.IFNA(VLOOKUP($C80&","&K3,汇编指令!$C$2:$D$235,2,FALSE),"-1") -> -1 | L80: =_xlfn.IFNA(VLOOKUP($C80&","&L3,汇编指令!$C$2:$D$235,2,FALSE),"-1") -> -1 | ... AB80: =_xlfn.IFNA(VLOOKUP($C80&","&AB3,汇编指令!$C$2:$D$235,2,FALSE),"-1") -> -1
A81: 2 | B81: =ROW()-4 -> 77 | C81: MOV,R1 | D81: =DEC2HEX(B81) -> 4D | E81: =_xlfn.IFNA(VLOOKUP($C81&","&E3,汇编指令!$C$2:$D$235,2,FALSE),"-1") -> F9 | F81: =_xlfn.IFNA(VLOOKUP($C81&","&F3,汇编指令!$C$2:$D$235,2,FALSE),"-1") -> -1 | G81: =_xlfn.IFNA(VLOOKUP($C81&","&G3,汇编指令!$C$2:$D$235,2,FALSE),"-1") -> -1 | H81: =_xlfn.IFNA(VLOOKUP($C81&","&H3,汇编指令!$C$2:$D$235,2,FALSE),"-1") -> -1 | I81: =_xlfn.IFNA(VLOOKUP($C81&","&I3,汇编指令!$C$2:$D$235,2,FALSE),"-1") -> -1 | J81: =_xlfn.IFNA(VLOOKUP($C81&","&J3,汇编指令!$C$2:$D$235,2,FALSE),"-1") -> -1 | K81: =_xlfn.IFNA(VLOOKUP($C81&","&K3,汇编指令!$C$2:$D$235,2,FALSE),"-1") -> -1 | L81: =_xlfn.IFNA(VLOOKUP($C81&","&L3,汇编指令!$C$2:$D$235,2,FALSE),"-1") -> -1 | ... AB81: =_xlfn.IFNA(VLOOKUP($C81&","&AB3,汇编指令!$C$2:$D$235,2,FALSE),"-1") -> -1
A82: 2 | B82: =ROW()-4 -> 78 | C82: MOV,R2 | D82: =DEC2HEX(B82) -> 4E | E82: =_xlfn.IFNA(VLOOKUP($C82&","&E3,汇编指令!$C$2:$D$235,2,FALSE),"-1") -> FA | F82: =_xlfn.IFNA(VLOOKUP($C82&","&F3,汇编指令!$C$2:$D$235,2,FALSE),"-1") -> -1 | G82: =_xlfn.IFNA(VLOOKUP($C82&","&G3,汇编指令!$C$2:$D$235,2,FALSE),"-1") -> -1 | H82: =_xlfn.IFNA(VLOOKUP($C82&","&H3,汇编指令!$C$2:$D$235,2,FALSE),"-1") -> -1 | I82: =_xlfn.IFNA(VLOOKUP($C82&","&I3,汇编指令!$C$2:$D$235,2,FALSE),"-1") -> -1 | J82: =_xlfn.IFNA(VLOOKUP($C82&","&J3,汇编指令!$C$2:$D$235,2,FALSE),"-1") -> -1 | K82: =_xlfn.IFNA(VLOOKUP($C82&","&K3,汇编指令!$C$2:$D$235,2,FALSE),"-1") -> -1 | L82: =_xlfn.IFNA(VLOOKUP($C82&","&L3,汇编指令!$C$2:$D$235,2,FALSE),"-1") -> -1 | ... AB82: =_xlfn.IFNA(VLOOKUP($C82&","&AB3,汇编指令!$C$2:$D$235,2,FALSE),"-1") -> -1
A83: 2 | B83: =ROW()-4 -> 79 | C83: MOV,R3 | D83: =DEC2HEX(B83) -> 4F | E83: =_xlfn.IFNA(VLOOKUP($C83&","&E3,汇编指令!$C$2:$D$235,2,FALSE),"-1") -> FB | F83: =_xlfn.IFNA(VLOOKUP($C83&","&F3,汇编指令!$C$2:$D$235,2,FALSE),"-1") -> -1 | G83: =_xlfn.IFNA(VLOOKUP($C83&","&G3,汇编指令!$C$2:$D$235,2,FALSE),"-1") -> -1 | H83: =_xlfn.IFNA(VLOOKUP($C83&","&H3,汇编指令!$C$2:$D$235,2,FALSE),"-1") -> -1 | I83: =_xlfn.IFNA(VLOOKUP($C83&","&I3,汇编指令!$C$2:$D$235,2,FALSE),"-1") -> -1 | J83: =_xlfn.IFNA(VLOOKUP($C83&","&J3,汇编指令!$C$2:$D$235,2,FALSE),"-1") -> -1 | K83: =_xlfn.IFNA(VLOOKUP($C83&","&K3,汇编指令!$C$2:$D$235,2,FALSE),"-1") -> -1 | L83: =_xlfn.IFNA(VLOOKUP($C83&","&L3,汇编指令!$C$2:$D$235,2,FALSE),"-1") -> -1 | ... AB83: =_xlfn.IFNA(VLOOKUP($C83&","&AB3,汇编指令!$C$2:$D$235,2,FALSE),"-1") -> -1
A84: 2 | B84: =ROW()-4 -> 80 | C84: MOV,R4 | D84: =DEC2HEX(B84) -> 50 | E84: =_xlfn.IFNA(VLOOKUP($C84&","&E3,汇编指令!$C$2:$D$235,2,FALSE),"-1") -> FC | F84: =_xlfn.IFNA(VLOOKUP($C84&","&F3,汇编指令!$C$2:$D$235,2,FALSE),"-1") -> -1 | G84: =_xlfn.IFNA(VLOOKUP($C84&","&G3,汇编指令!$C$2:$D$235,2,FALSE),"-1") -> -1 | H84: =_xlfn.IFNA(VLOOKUP($C84&","&H3,汇编指令!$C$2:$D$235,2,FALSE),"-1") -> -1 | I84: =_xlfn.IFNA(VLOOKUP($C84&","&I3,汇编指令!$C$2:$D$235,2,FALSE),"-1") -> -1 | J84: =_xlfn.IFNA(VLOOKUP($C84&","&J3,汇编指令!$C$2:$D$235,2,FALSE),"-1") -> -1 | K84: =_xlfn.IFNA(VLOOKUP($C84&","&K3,汇编指令!$C$2:$D$235,2,FALSE),"-1") -> -1 | L84: =_xlfn.IFNA(VLOOKUP($C84&","&L3,汇编指令!$C$2:$D$235,2,FALSE),"-1") -> -1 | ... AB84: =_xlfn.IFNA(VLOOKUP($C84&","&AB3,汇编指令!$C$2:$D$235,2,FALSE),"-1") -> -1
A85: 2 | B85: =ROW()-4 -> 81 | C85: MOV,R5 | D85: =DEC2HEX(B85) -> 51 | E85: =_xlfn.IFNA(VLOOKUP($C85&","&E3,汇编指令!$C$2:$D$235,2,FALSE),"-1") -> FD | F85: =_xlfn.IFNA(VLOOKUP($C85&","&F3,汇编指令!$C$2:$D$235,2,FALSE),"-1") -> -1 | G85: =_xlfn.IFNA(VLOOKUP($C85&","&G3,汇编指令!$C$2:$D$235,2,FALSE),"-1") -> -1 | H85: =_xlfn.IFNA(VLOOKUP($C85&","&H3,汇编指令!$C$2:$D$235,2,FALSE),"-1") -> -1 | I85: =_xlfn.IFNA(VLOOKUP($C85&","&I3,汇编指令!$C$2:$D$235,2,FALSE),"-1") -> -1 | J85: =_xlfn.IFNA(VLOOKUP($C85&","&J3,汇编指令!$C$2:$D$235,2,FALSE),"-1") -> -1 | K85: =_xlfn.IFNA(VLOOKUP($C85&","&K3,汇编指令!$C$2:$D$235,2,FALSE),"-1") -> -1 | L85: =_xlfn.IFNA(VLOOKUP($C85&","&L3,汇编指令!$C$2:$D$235,2,FALSE),"-1") -> -1 | ... AB85: =_xlfn.IFNA(VLOOKUP($C85&","&AB3,汇编指令!$C$2:$D$235,2,FALSE),"-1") -> -1
A86: 2 | B86: =ROW()-4 -> 82 | C86: MOV,R6 | D86: =DEC2HEX(B86) -> 52 | E86: =_xlfn.IFNA(VLOOKUP($C86&","&E3,汇编指令!$C$2:$D$235,2,FALSE),"-1") -> FE | F86: =_xlfn.IFNA(VLOOKUP($C86&","&F3,汇编指令!$C$2:$D$235,2,FALSE),"-1") -> -1 | G86: =_xlfn.IFNA(VLOOKUP($C86&","&G3,汇编指令!$C$2:$D$235,2,FALSE),"-1") -> -1 | H86: =_xlfn.IFNA(VLOOKUP($C86&","&H3,汇编指令!$C$2:$D$235,2,FALSE),"-1") -> -1 | I86: =_xlfn.IFNA(VLOOKUP($C86&","&I3,汇编指令!$C$2:$D$235,2,FALSE),"-1") -> -1 | J86: =_xlfn.IFNA(VLOOKUP($C86&","&J3,汇编指令!$C$2:$D$235,2,FALSE),"-1") -> -1 | K86: =_xlfn.IFNA(VLOOKUP($C86&","&K3,汇编指令!$C$2:$D$235,2,FALSE),"-1") -> -1 | L86: =_xlfn.IFNA(VLOOKUP($C86&","&L3,汇编指令!$C$2:$D$235,2,FALSE),"-1") -> -1 | ... AB86: =_xlfn.IFNA(VLOOKUP($C86&","&AB3,汇编指令!$C$2:$D$235,2,FALSE),"-1") -> -1
A87: 2 | B87: =ROW()-4 -> 83 | C87: MOV,R7 | D87: =DEC2HEX(B87) -> 53 | E87: =_xlfn.IFNA(VLOOKUP($C87&","&E3,汇编指令!$C$2:$D$235,2,FALSE),"-1") -> FF | F87: =_xlfn.IFNA(VLOOKUP($C87&","&F3,汇编指令!$C$2:$D$235,2,FALSE),"-1") -> -1 | G87: =_xlfn.IFNA(VLOOKUP($C87&","&G3,汇编指令!$C$2:$D$235,2,FALSE),"-1") -> -1 | H87: =_xlfn.IFNA(VLOOKUP($C87&","&H3,汇编指令!$C$2:$D$235,2,FALSE),"-1") -> -1 | I87: =_xlfn.IFNA(VLOOKUP($C87&","&I3,汇编指令!$C$2:$D$235,2,FALSE),"-1") -> -1 | J87: =_xlfn.IFNA(VLOOKUP($C87&","&J3,汇编指令!$C$2:$D$235,2,FALSE),"-1") -> -1 | K87: =_xlfn.IFNA(VLOOKUP($C87&","&K3,汇编指令!$C$2:$D$235,2,FALSE),"-1") -> -1 | L87: =_xlfn.IFNA(VLOOKUP($C87&","&L3,汇编指令!$C$2:$D$235,2,FALSE),"-1") -> -1 | ... AB87: =_xlfn.IFNA(VLOOKUP($C87&","&AB3,汇编指令!$C$2:$D$235,2,FALSE),"-1") -> -1
A88: 2 | B88: =ROW()-4 -> 84 | C88: MOVC,A | D88: =DEC2HEX(B88) -> 54 | E88: =_xlfn.IFNA(VLOOKUP($C88&","&E3,汇编指令!$C$2:$D$235,2,FALSE),"-1") -> -1 | F88: =_xlfn.IFNA(VLOOKUP($C88&","&F3,汇编指令!$C$2:$D$235,2,FALSE),"-1") -> -1 | G88: =_xlfn.IFNA(VLOOKUP($C88&","&G3,汇编指令!$C$2:$D$235,2,FALSE),"-1") -> -1 | H88: =_xlfn.IFNA(VLOOKUP($C88&","&H3,汇编指令!$C$2:$D$235,2,FALSE),"-1") -> -1 | I88: =_xlfn.IFNA(VLOOKUP($C88&","&I3,汇编指令!$C$2:$D$235,2,FALSE),"-1") -> -1 | J88: =_xlfn.IFNA(VLOOKUP($C88&","&J3,汇编指令!$C$2:$D$235,2,FALSE),"-1") -> -1 | K88: =_xlfn.IFNA(VLOOKUP($C88&","&K3,汇编指令!$C$2:$D$235,2,FALSE),"-1") -> -1 | L88: =_xlfn.IFNA(VLOOKUP($C88&","&L3,汇编指令!$C$2:$D$235,2,FALSE),"-1") -> -1 | ... AB88: =_xlfn.IFNA(VLOOKUP($C88&","&AB3,汇编指令!$C$2:$D$235,2,FALSE),"-1") -> -1
A89: 2 | B89: =ROW()-4 -> 85 | C89: MOVX,@DPTR | D89: =DEC2HEX(B89) -> 55 | E89: =_xlfn.IFNA(VLOOKUP($C89&","&E3,汇编指令!$C$2:$D$235,2,FALSE),"-1") -> F0 | F89: =_xlfn.IFNA(VLOOKUP($C89&","&F3,汇编指令!$C$2:$D$235,2,FALSE),"-1") -> -1 | G89: =_xlfn.IFNA(VLOOKUP($C89&","&G3,汇编指令!$C$2:$D$235,2,FALSE),"-1") -> -1 | H89: =_xlfn.IFNA(VLOOKUP($C89&","&H3,汇编指令!$C$2:$D$235,2,FALSE),"-1") -> -1 | I89: =_xlfn.IFNA(VLOOKUP($C89&","&I3,汇编指令!$C$2:$D$235,2,FALSE),"-1") -> -1 | J89: =_xlfn.IFNA(VLOOKUP($C89&","&J3,汇编指令!$C$2:$D$235,2,FALSE),"-1") -> -1 | K89: =_xlfn.IFNA(VLOOKUP($C89&","&K3,汇编指令!$C$2:$D$235,2,FALSE),"-1") -> -1 | L89: =_xlfn.IFNA(VLOOKUP($C89&","&L3,汇编指令!$C$2:$D$235,2,FALSE),"-1") -> -1 | ... AB89: =_xlfn.IFNA(VLOOKUP($C89&","&AB3,汇编指令!$C$2:$D$235,2,FALSE),"-1") -> -1
A90: 2 | B90: =ROW()-4 -> 86 | C90: MOVX,@R0 | D90: =DEC2HEX(B90) -> 56 | E90: =_xlfn.IFNA(VLOOKUP($C90&","&E3,汇编指令!$C$2:$D$235,2,FALSE),"-1") -> F2 | F90: =_xlfn.IFNA(VLOOKUP($C90&","&F3,汇编指令!$C$2:$D$235,2,FALSE),"-1") -> -1 | G90: =_xlfn.IFNA(VLOOKUP($C90&","&G3,汇编指令!$C$2:$D$235,2,FALSE),"-1") -> -1 | H90: =_xlfn.IFNA(VLOOKUP($C90&","&H3,汇编指令!$C$2:$D$235,2,FALSE),"-1") -> -1 | I90: =_xlfn.IFNA(VLOOKUP($C90&","&I3,汇编指令!$C$2:$D$235,2,FALSE),"-1") -> -1 | J90: =_xlfn.IFNA(VLOOKUP($C90&","&J3,汇编指令!$C$2:$D$235,2,FALSE),"-1") -> -1 | K90: =_xlfn.IFNA(VLOOKUP($C90&","&K3,汇编指令!$C$2:$D$235,2,FALSE),"-1") -> -1 | L90: =_xlfn.IFNA(VLOOKUP($C90&","&L3,汇编指令!$C$2:$D$235,2,FALSE),"-1") -> -1 | ... AB90: =_xlfn.IFNA(VLOOKUP($C90&","&AB3,汇编指令!$C$2:$D$235,2,FALSE),"-1") -> -1
A91: 2 | B91: =ROW()-4 -> 87 | C91: MOVX,@R1 | D91: =DEC2HEX(B91) -> 57 | E91: =_xlfn.IFNA(VLOOKUP($C91&","&E3,汇编指令!$C$2:$D$235,2,FALSE),"-1") -> F3 | F91: =_xlfn.IFNA(VLOOKUP($C91&","&F3,汇编指令!$C$2:$D$235,2,FALSE),"-1") -> -1 | G91: =_xlfn.IFNA(VLOOKUP($C91&","&G3,汇编指令!$C$2:$D$235,2,FALSE),"-1") -> -1 | H91: =_xlfn.IFNA(VLOOKUP($C91&","&H3,汇编指令!$C$2:$D$235,2,FALSE),"-1") -> -1 | I91: =_xlfn.IFNA(VLOOKUP($C91&","&I3,汇编指令!$C$2:$D$235,2,FALSE),"-1") -> -1 | J91: =_xlfn.IFNA(VLOOKUP($C91&","&J3,汇编指令!$C$2:$D$235,2,FALSE),"-1") -> -1 | K91: =_xlfn.IFNA(VLOOKUP($C91&","&K3,汇编指令!$C$2:$D$235,2,FALSE),"-1") -> -1 | L91: =_xlfn.IFNA(VLOOKUP($C91&","&L3,汇编指令!$C$2:$D$235,2,FALSE),"-1") -> -1 | ... AB91: =_xlfn.IFNA(VLOOKUP($C91&","&AB3,汇编指令!$C$2:$D$235,2,FALSE),"-1") -> -1
A92: 2 | B92: =ROW()-4 -> 88 | C92: MOVX,A | D92: =DEC2HEX(B92) -> 58 | E92: =_xlfn.IFNA(VLOOKUP($C92&","&E3,汇编指令!$C$2:$D$235,2,FALSE),"-1") -> -1 | F92: =_xlfn.IFNA(VLOOKUP($C92&","&F3,汇编指令!$C$2:$D$235,2,FALSE),"-1") -> -1 | G92: =_xlfn.IFNA(VLOOKUP($C92&","&G3,汇编指令!$C$2:$D$235,2,FALSE),"-1") -> -1 | H92: =_xlfn.IFNA(VLOOKUP($C92&","&H3,汇编指令!$C$2:$D$235,2,FALSE),"-1") -> -1 | I92: =_xlfn.IFNA(VLOOKUP($C92&","&I3,汇编指令!$C$2:$D$235,2,FALSE),"-1") -> -1 | J92: =_xlfn.IFNA(VLOOKUP($C92&","&J3,汇编指令!$C$2:$D$235,2,FALSE),"-1") -> -1 | K92: =_xlfn.IFNA(VLOOKUP($C92&","&K3,汇编指令!$C$2:$D$235,2,FALSE),"-1") -> -1 | L92: =_xlfn.IFNA(VLOOKUP($C92&","&L3,汇编指令!$C$2:$D$235,2,FALSE),"-1") -> -1 | ... AB92: =_xlfn.IFNA(VLOOKUP($C92&","&AB3,汇编指令!$C$2:$D$235,2,FALSE),"-1") -> -1
A93: 2 | B93: =ROW()-4 -> 89 | C93: ORL,A | D93: =DEC2HEX(B93) -> 59 | E93: =_xlfn.IFNA(VLOOKUP($C93&","&E3,汇编指令!$C$2:$D$235,2,FALSE),"-1") -> -1 | F93: =_xlfn.IFNA(VLOOKUP($C93&","&F3,汇编指令!$C$2:$D$235,2,FALSE),"-1") -> 48 | G93: =_xlfn.IFNA(VLOOKUP($C93&","&G3,汇编指令!$C$2:$D$235,2,FALSE),"-1") -> 49 | H93: =_xlfn.IFNA(VLOOKUP($C93&","&H3,汇编指令!$C$2:$D$235,2,FALSE),"-1") -> 4A | I93: =_xlfn.IFNA(VLOOKUP($C93&","&I3,汇编指令!$C$2:$D$235,2,FALSE),"-1") -> 4B | J93: =_xlfn.IFNA(VLOOKUP($C93&","&J3,汇编指令!$C$2:$D$235,2,FALSE),"-1") -> 4C | K93: =_xlfn.IFNA(VLOOKUP($C93&","&K3,汇编指令!$C$2:$D$235,2,FALSE),"-1") -> 4D | L93: =_xlfn.IFNA(VLOOKUP($C93&","&L3,汇编指令!$C$2:$D$235,2,FALSE),"-1") -> 4E | ... AB93: =_xlfn.IFNA(VLOOKUP($C93&","&AB3,汇编指令!$C$2:$D$235,2,FALSE),"-1") -> -1
A94: 2 | B94: =ROW()-4 -> 90 | C94: ORL,C | D94: =DEC2HEX(B94) -> 5A | E94: =_xlfn.IFNA(VLOOKUP($C94&","&E3,汇编指令!$C$2:$D$235,2,FALSE),"-1") -> -1 | F94: =_xlfn.IFNA(VLOOKUP($C94&","&F3,汇编指令!$C$2:$D$235,2,FALSE),"-1") -> -1 | G94: =_xlfn.IFNA(VLOOKUP($C94&","&G3,汇编指令!$C$2:$D$235,2,FALSE),"-1") -> -1 | H94: =_xlfn.IFNA(VLOOKUP($C94&","&H3,汇编指令!$C$2:$D$235,2,FALSE),"-1") -> -1 | I94: =_xlfn.IFNA(VLOOKUP($C94&","&I3,汇编指令!$C$2:$D$235,2,FALSE),"-1") -> -1 | J94: =_xlfn.IFNA(VLOOKUP($C94&","&J3,汇编指令!$C$2:$D$235,2,FALSE),"-1") -> -1 | K94: =_xlfn.IFNA(VLOOKUP($C94&","&K3,汇编指令!$C$2:$D$235,2,FALSE),"-1") -> -1 | L94: =_xlfn.IFNA(VLOOKUP($C94&","&L3,汇编指令!$C$2:$D$235,2,FALSE),"-1") -> -1 | ... AB94: =_xlfn.IFNA(VLOOKUP($C94&","&AB3,汇编指令!$C$2:$D$235,2,FALSE),"-1") -> A0
A95: 2 | B95: =ROW()-4 -> 91 | C95: ORL,direct | D95: =DEC2HEX(B95) -> 5B | E95: =_xlfn.IFNA(VLOOKUP($C95&","&E3,汇编指令!$C$2:$D$235,2,FALSE),"-1") -> -1 | F95: =_xlfn.IFNA(VLOOKUP($C95&","&F3,汇编指令!$C$2:$D$235,2,FALSE),"-1") -> -1 | G95: =_xlfn.IFNA(VLOOKUP($C95&","&G3,汇编指令!$C$2:$D$235,2,FALSE),"-1") -> -1 | H95: =_xlfn.IFNA(VLOOKUP($C95&","&H3,汇编指令!$C$2:$D$235,2,FALSE),"-1") -> -1 | I95: =_xlfn.IFNA(VLOOKUP($C95&","&I3,汇编指令!$C$2:$D$235,2,FALSE),"-1") -> -1 | J95: =_xlfn.IFNA(VLOOKUP($C95&","&J3,汇编指令!$C$2:$D$235,2,FALSE),"-1") -> -1 | K95: =_xlfn.IFNA(VLOOKUP($C95&","&K3,汇编指令!$C$2:$D$235,2,FALSE),"-1") -> -1 | L95: =_xlfn.IFNA(VLOOKUP($C95&","&L3,汇编指令!$C$2:$D$235,2,FALSE),"-1") -> -1 | ... AB95: =_xlfn.IFNA(VLOOKUP($C95&","&AB3,汇编指令!$C$2:$D$235,2,FALSE),"-1") -> -1
A96: 2 | B96: =ROW()-4 -> 92 | C96: SUBB,A | D96: =DEC2HEX(B96) -> 5C | E96: =_xlfn.IFNA(VLOOKUP($C96&","&E3,汇编指令!$C$2:$D$235,2,FALSE),"-1") -> -1 | F96: =_xlfn.IFNA(VLOOKUP($C96&","&F3,汇编指令!$C$2:$D$235,2,FALSE),"-1") -> 98 | G96: =_xlfn.IFNA(VLOOKUP($C96&","&G3,汇编指令!$C$2:$D$235,2,FALSE),"-1") -> 99 | H96: =_xlfn.IFNA(VLOOKUP($C96&","&H3,汇编指令!$C$2:$D$235,2,FALSE),"-1") -> 9A | I96: =_xlfn.IFNA(VLOOKUP($C96&","&I3,汇编指令!$C$2:$D$235,2,FALSE),"-1") -> 9B | J96: =_xlfn.IFNA(VLOOKUP($C96&","&J3,汇编指令!$C$2:$D$235,2,FALSE),"-1") -> 9C | K96: =_xlfn.IFNA(VLOOKUP($C96&","&K3,汇编指令!$C$2:$D$235,2,FALSE),"-1") -> 9D | L96: =_xlfn.IFNA(VLOOKUP($C96&","&L3,汇编指令!$C$2:$D$235,2,FALSE),"-1") -> 9E | ... AB96: =_xlfn.IFNA(VLOOKUP($C96&","&AB3,汇编指令!$C$2:$D$235,2,FALSE),"-1") -> -1
A97: 2 | B97: =ROW()-4 -> 93 | C97: XCH,A | D97: =DEC2HEX(B97) -> 5D | E97: =_xlfn.IFNA(VLOOKUP($C97&","&E3,汇编指令!$C$2:$D$235,2,FALSE),"-1") -> -1 | F97: =_xlfn.IFNA(VLOOKUP($C97&","&F3,汇编指令!$C$2:$D$235,2,FALSE),"-1") -> C8 | G97: =_xlfn.IFNA(VLOOKUP($C97&","&G3,汇编指令!$C$2:$D$235,2,FALSE),"-1") -> C9 | H97: =_xlfn.IFNA(VLOOKUP($C97&","&H3,汇编指令!$C$2:$D$235,2,FALSE),"-1") -> CA | I97: =_xlfn.IFNA(VLOOKUP($C97&","&I3,汇编指令!$C$2:$D$235,2,FALSE),"-1") -> CB | J97: =_xlfn.IFNA(VLOOKUP($C97&","&J3,汇编指令!$C$2:$D$235,2,FALSE),"-1") -> CC | K97: =_xlfn.IFNA(VLOOKUP($C97&","&K3,汇编指令!$C$2:$D$235,2,FALSE),"-1") -> CD | L97: =_xlfn.IFNA(VLOOKUP($C97&","&L3,汇编指令!$C$2:$D$235,2,FALSE),"-1") -> CE | ... AB97: =_xlfn.IFNA(VLOOKUP($C97&","&AB3,汇编指令!$C$2:$D$235,2,FALSE),"-1") -> -1
A98: 2 | B98: =ROW()-4 -> 94 | C98: XCHD,A | D98: =DEC2HEX(B98) -> 5E | E98: =_xlfn.IFNA(VLOOKUP($C98&","&E3,汇编指令!$C$2:$D$235,2,FALSE),"-1") -> -1 | F98: =_xlfn.IFNA(VLOOKUP($C98&","&F3,汇编指令!$C$2:$D$235,2,FALSE),"-1") -> -1 | G98: =_xlfn.IFNA(VLOOKUP($C98&","&G3,汇编指令!$C$2:$D$235,2,FALSE),"-1") -> -1 | H98: =_xlfn.IFNA(VLOOKUP($C98&","&H3,汇编指令!$C$2:$D$235,2,FALSE),"-1") -> -1 | I98: =_xlfn.IFNA(VLOOKUP($C98&","&I3,汇编指令!$C$2:$D$235,2,FALSE),"-1") -> -1 | J98: =_xlfn.IFNA(VLOOKUP($C98&","&J3,汇编指令!$C$2:$D$235,2,FALSE),"-1") -> -1 | K98: =_xlfn.IFNA(VLOOKUP($C98&","&K3,汇编指令!$C$2:$D$235,2,FALSE),"-1") -> -1 | L98: =_xlfn.IFNA(VLOOKUP($C98&","&L3,汇编指令!$C$2:$D$235,2,FALSE),"-1") -> -1 | ... AB98: =_xlfn.IFNA(VLOOKUP($C98&","&AB3,汇编指令!$C$2:$D$235,2,FALSE),"-1") -> -1
A99: 2 | B99: =ROW()-4 -> 95 | C99: XRL,A | D99: =DEC2HEX(B99) -> 5F | E99: =_xlfn.IFNA(VLOOKUP($C99&","&E3,汇编指令!$C$2:$D$235,2,FALSE),"-1") -> -1 | F99: =_xlfn.IFNA(VLOOKUP($C99&","&F3,汇编指令!$C$2:$D$235,2,FALSE),"-1") -> 68 | G99: =_xlfn.IFNA(VLOOKUP($C99&","&G3,汇编指令!$C$2:$D$235,2,FALSE),"-1") -> 69 | H99: =_xlfn.IFNA(VLOOKUP($C99&","&H3,汇编指令!$C$2:$D$235,2,FALSE),"-1") -> 6A | I99: =_xlfn.IFNA(VLOOKUP($C99&","&I3,汇编指令!$C$2:$D$235,2,FALSE),"-1") -> 6B | J99: =_xlfn.IFNA(VLOOKUP($C99&","&J3,汇编指令!$C$2:$D$235,2,FALSE),"-1") -> 6C | K99: =_xlfn.IFNA(VLOOKUP($C99&","&K3,汇编指令!$C$2:$D$235,2,FALSE),"-1") -> 6D | L99: =_xlfn.IFNA(VLOOKUP($C99&","&L3,汇编指令!$C$2:$D$235,2,FALSE),"-1") -> 6E | ... AB99: =_xlfn.IFNA(VLOOKUP($C99&","&AB3,汇编指令!$C$2:$D$235,2,FALSE),"-1") -> -1
A100: 2 | B100: =ROW()-4 -> 96 | C100: XRL,direct | D100: =DEC2HEX(B100) -> 60 | E100: =_xlfn.IFNA(VLOOKUP($C100&","&E3,汇编指令!$C$2:$D$235,2,FALSE),"-1") -> -1 | F100: =_xlfn.IFNA(VLOOKUP($C100&","&F3,汇编指令!$C$2:$D$235,2,FALSE),"-1") -> -1 | G100: =_xlfn.IFNA(VLOOKUP($C100&","&G3,汇编指令!$C$2:$D$235,2,FALSE),"-1") -> -1 | H100: =_xlfn.IFNA(VLOOKUP($C100&","&H3,汇编指令!$C$2:$D$235,2,FALSE),"-1") -> -1 | I100: =_xlfn.IFNA(VLOOKUP($C100&","&I3,汇编指令!$C$2:$D$235,2,FALSE),"-1") -> -1 | J100: =_xlfn.IFNA(VLOOKUP($C100&","&J3,汇编指令!$C$2:$D$235,2,FALSE),"-1") -> -1 | K100: =_xlfn.IFNA(VLOOKUP($C100&","&K3,汇编指令!$C$2:$D$235,2,FALSE),"-1") -> -1 | L100: =_xlfn.IFNA(VLOOKUP($C100&","&L3,汇编指令!$C$2:$D$235,2,FALSE),"-1") -> -1 | ... AB100: =_xlfn.IFNA(VLOOKUP($C100&","&AB3,汇编指令!$C$2:$D$235,2,FALSE),"-1") -> -1
...

Sheet 汇编状态表-备份
A1: direct 表示直接寻址（00H-FFH），#data 表示立即数（00H-FFH），#data16 表示16位立即数（0000H-FFFFH） rel 表示相对地址（-128~127），addr11 表示11位地址（0000H-07FFH），addr16 表示16位地址（0000H-FFFFH）
E2: =COLUMN()-3 -> 2 | F2: =COLUMN()-3 -> 3 | G2: =COLUMN()-3 -> 4 | H2: =COLUMN()-3 -> 5 | I2: =COLUMN()-3 -> 6 | J2: =COLUMN()-3 -> 7 | K2: =COLUMN()-3 -> 8 | L2: =COLUMN()-3 -> 9 | ... AB2: =COLUMN()-3 -> 25
A3: 参数个数 | C3: 命令 | E3: A | F3: R0 | G3: R1 | H3: R2 | I3: R3 | J3: R4 | K3: R5 | L3: R6 | M3: R7 | N3: #data | O3: direct | P3: @R0 | Q3: @R1 | R3: DPTR | S3: #data16 | T3: @A+PC | U3: @A+DPTR | V3: @DPTR | W3: addr16 | X3: rel | Y3: bit | Z3: C | AA3: AB | AB3: /bit
A4: 0 | B4: =ROW()-4 -> 0 | C4: NOP | D4: =DEC2HEX(B4) -> 0 | E4: =_xlfn.IFNA(VLOOKUP($C4&","&E3,$C$69:$D$112,2,FALSE),"") | F4: =_xlfn.IFNA(VLOOKUP($C4&","&F3,$C$69:$D$112,2,FALSE),"") | G4: =_xlfn.IFNA(VLOOKUP($C4&","&G3,$C$69:$D$112,2,FALSE),"") | H4: =_xlfn.IFNA(VLOOKUP($C4&","&H3,$C$69:$D$112,2,FALSE),"") | I4: =_xlfn.IFNA(VLOOKUP($C4&","&I3,$C$69:$D$112,2,FALSE),"") | J4: =_xlfn.IFNA(VLOOKUP($C4&","&J3,$C$69:$D$112,2,FALSE),"") | K4: =_xlfn.IFNA(VLOOKUP($C4&","&K3,$C$69:$D$112,2,FALSE),"") | L4: =_xlfn.IFNA(VLOOKUP($C4&","&L3,$C$69:$D$112,2,FALSE),"") | ... AB4: =_xlfn.IFNA(VLOOKUP($C4&","&AB3,$C$69:$D$112,2,FALSE),"")
A5: 0 | B5: =ROW()-4 -> 1 | C5: RET | D5: =DEC2HEX(B5) -> 1 | E5: =_xlfn.IFNA(VLOOKUP($C5&","&E3,$C$69:$D$112,2,FALSE),"") | F5: =_xlfn.IFNA(VLOOKUP($C5&","&F3,$C$69:$D$112,2,FALSE),"") | G5: =_xlfn.IFNA(VLOOKUP($C5&","&G3,$C$69:$D$112,2,FALSE),"") | H5: =_xlfn.IFNA(VLOOKUP($C5&","&H3,$C$69:$D$112,2,FALSE),"") | I5: =_xlfn.IFNA(VLOOKUP($C5&","&I3,$C$69:$D$112,2,FALSE),"") | J5: =_xlfn.IFNA(VLOOKUP($C5&","&J3,$C$69:$D$112,2,FALSE),"") | K5: =_xlfn.IFNA(VLOOKUP($C5&","&K3,$C$69:$D$112,2,FALSE),"") | L5: =_xlfn.IFNA(VLOOKUP($C5&","&L3,$C$69:$D$112,2,FALSE),"") | ... AB5: =_xlfn.IFNA(VLOOKUP($C5&","&AB3,$C$69:$D$112,2,FALSE),"")
A6: 0 | B6: =ROW()-4 -> 2 | C6: RETI | D6: =DEC2HEX(B6) -> 2 | E6: =_xlfn.IFNA(VLOOKUP($C6&","&E3,$C$69:$D$112,2,FALSE),"") | F6: =_xlfn.IFNA(VLOOKUP($C6&","&F3,$C$69:$D$112,2,FALSE),"") | G6: =_xlfn.IFNA(VLOOKUP($C6&","&G3,$C$69:$D$112,2,FALSE),"") | H6: =_xlfn.IFNA(VLOOKUP($C6&","&H3,$C$69:$D$112,2,FALSE),"") | I6: =_xlfn.IFNA(VLOOKUP($C6&","&I3,$C$69:$D$112,2,FALSE),"") | J6: =_xlfn.IFNA(VLOOKUP($C6&","&J3,$C$69:$D$112,2,FALSE),"") | K6: =_xlfn.IFNA(VLOOKUP($C6&","&K3,$C$69:$D$112,2,FALSE),"") | L6: =_xlfn.IFNA(VLOOKUP($C6&","&L3,$C$69:$D$112,2,FALSE),"") | ... AB6: =_xlfn.IFNA(VLOOKUP($C6&","&AB3,$C$69:$D$112,2,FALSE),"")
A7: 2 | B7: =ROW()-4 -> 3 | C7: ADD | D7: =DEC2HEX(B7) -> 3 | E7: =_xlfn.IFNA(VLOOKUP($C7&","&E3,$C$34:$D$112,2,FALSE),"") -> 35 | F7: =_xlfn.IFNA(VLOOKUP($C7&","&F3,$C$34:$D$112,2,FALSE),"") | G7: =_xlfn.IFNA(VLOOKUP($C7&","&G3,$C$34:$D$112,2,FALSE),"") | H7: =_xlfn.IFNA(VLOOKUP($C7&","&H3,$C$34:$D$112,2,FALSE),"") | I7: =_xlfn.IFNA(VLOOKUP($C7&","&I3,$C$34:$D$112,2,FALSE),"") | J7: =_xlfn.IFNA(VLOOKUP($C7&","&J3,$C$34:$D$112,2,FALSE),"") | K7: =_xlfn.IFNA(VLOOKUP($C7&","&K3,$C$34:$D$112,2,FALSE),"") | L7: =_xlfn.IFNA(VLOOKUP($C7&","&L3,$C$34:$D$112,2,FALSE),"") | ... AB7: =_xlfn.IFNA(VLOOKUP($C7&","&AB3,$C$34:$D$112,2,FALSE),"")
A8: 2 | B8: =ROW()-4 -> 4 | C8: ADDC | D8: =DEC2HEX(B8) -> 4 | E8: =_xlfn.IFNA(VLOOKUP($C8&","&E3,$C$34:$D$112,2,FALSE),"") -> 36 | F8: =_xlfn.IFNA(VLOOKUP($C8&","&F3,$C$34:$D$112,2,FALSE),"") | G8: =_xlfn.IFNA(VLOOKUP($C8&","&G3,$C$34:$D$112,2,FALSE),"") | H8: =_xlfn.IFNA(VLOOKUP($C8&","&H3,$C$34:$D$112,2,FALSE),"") | I8: =_xlfn.IFNA(VLOOKUP($C8&","&I3,$C$34:$D$112,2,FALSE),"") | J8: =_xlfn.IFNA(VLOOKUP($C8&","&J3,$C$34:$D$112,2,FALSE),"") | K8: =_xlfn.IFNA(VLOOKUP($C8&","&K3,$C$34:$D$112,2,FALSE),"") | L8: =_xlfn.IFNA(VLOOKUP($C8&","&L3,$C$34:$D$112,2,FALSE),"") | ... AB8: =_xlfn.IFNA(VLOOKUP($C8&","&AB3,$C$34:$D$112,2,FALSE),"")
A9: 2 | B9: =ROW()-4 -> 5 | C9: ANL | D9: =DEC2HEX(B9) -> 5 | E9: =_xlfn.IFNA(VLOOKUP($C9&","&E3,$C$34:$D$112,2,FALSE),"") -> 37 | F9: =_xlfn.IFNA(VLOOKUP($C9&","&F3,$C$34:$D$112,2,FALSE),"") | G9: =_xlfn.IFNA(VLOOKUP($C9&","&G3,$C$34:$D$112,2,FALSE),"") | H9: =_xlfn.IFNA(VLOOKUP($C9&","&H3,$C$34:$D$112,2,FALSE),"") | I9: =_xlfn.IFNA(VLOOKUP($C9&","&I3,$C$34:$D$112,2,FALSE),"") | J9: =_xlfn.IFNA(VLOOKUP($C9&","&J3,$C$34:$D$112,2,FALSE),"") | K9: =_xlfn.IFNA(VLOOKUP($C9&","&K3,$C$34:$D$112,2,FALSE),"") | L9: =_xlfn.IFNA(VLOOKUP($C9&","&L3,$C$34:$D$112,2,FALSE),"") | ... AB9: =_xlfn.IFNA(VLOOKUP($C9&","&AB3,$C$34:$D$112,2,FALSE),"")
A10: 2 | B10: =ROW()-4 -> 6 | C10: DJNZ | D10: =DEC2HEX(B10) -> 6 | E10: =_xlfn.IFNA(VLOOKUP($C10&","&E3,$C$34:$D$112,2,FALSE),"") | F10: =_xlfn.IFNA(VLOOKUP($C10&","&F3,$C$34:$D$112,2,FALSE),"") -> 3A | G10: =_xlfn.IFNA(VLOOKUP($C10&","&G3,$C$34:$D$112,2,FALSE),"") -> 3B | H10: =_xlfn.IFNA(VLOOKUP($C10&","&H3,$C$34:$D$112,2,FALSE),"") -> 3C | I10: =_xlfn.IFNA(VLOOKUP($C10&","&I3,$C$34:$D$112,2,FALSE),"") -> 3D | J10: =_xlfn.IFNA(VLOOKUP($C10&","&J3,$C$34:$D$112,2,FALSE),"") -> 3E | K10: =_xlfn.IFNA(VLOOKUP($C10&","&K3,$C$34:$D$112,2,FALSE),"") -> 3F | L10: =_xlfn.IFNA(VLOOKUP($C10&","&L3,$C$34:$D$112,2,FALSE),"") -> 40 | ... AB10: =_xlfn.IFNA(VLOOKUP($C10&","&AB3,$C$34:$D$112,2,FALSE),"")
A11: 2 | B11: =ROW()-4 -> 7 | C11: JB | D11: =DEC2HEX(B11) -> 7 | E11: =_xlfn.IFNA(VLOOKUP($C11&","&E3,$C$34:$D$112,2,FALSE),"") | F11: =_xlfn.IFNA(VLOOKUP($C11&","&F3,$C$34:$D$112,2,FALSE),"") | G11: =_xlfn.IFNA(VLOOKUP($C11&","&G3,$C$34:$D$112,2,FALSE),"") | H11: =_xlfn.IFNA(VLOOKUP($C11&","&H3,$C$34:$D$112,2,FALSE),"") | I11: =_xlfn.IFNA(VLOOKUP($C11&","&I3,$C$34:$D$112,2,FALSE),"") | J11: =_xlfn.IFNA(VLOOKUP($C11&","&J3,$C$34:$D$112,2,FALSE),"") | K11: =_xlfn.IFNA(VLOOKUP($C11&","&K3,$C$34:$D$112,2,FALSE),"") | L11: =_xlfn.IFNA(VLOOKUP($C11&","&L3,$C$34:$D$112,2,FALSE),"") | ... AB11: =_xlfn.IFNA(VLOOKUP($C11&","&AB3,$C$34:$D$112,2,FALSE),"")
A12: 2 | B12: =ROW()-4 -> 8 | C12: JBC | D12: =DEC2HEX(B12) -> 8 | E12: =_xlfn.IFNA(VLOOKUP($C12&","&E3,$C$34:$D$112,2,FALSE),"") | F12: =_xlfn.IFNA(VLOOKUP($C12&","&F3,$C$34:$D$112,2,FALSE),"") | G12: =_xlfn.IFNA(VLOOKUP($C12&","&G3,$C$34:$D$112,2,FALSE),"") | H12: =_xlfn.IFNA(VLOOKUP($C12&","&H3,$C$34:$D$112,2,FALSE),"") | I12: =_xlfn.IFNA(VLOOKUP($C12&","&I3,$C$34:$D$112,2,FALSE),"") | J12: =_xlfn.IFNA(VLOOKUP($C12&","&J3,$C$34:$D$112,2,FALSE),"") | K12: =_xlfn.IFNA(VLOOKUP($C12&","&K3,$C$34:$D$112,2,FALSE),"") | L12: =_xlfn.IFNA(VLOOKUP($C12&","&L3,$C$34:$D$112,2,FALSE),"") | ... AB12: =_xlfn.IFNA(VLOOKUP($C12&","&AB3,$C$34:$D$112,2,FALSE),"")
A13: 2 | B13: =ROW()-4 -> 9 | C13: JNB | D13: =DEC2HEX(B13) -> 9 | E13: =_xlfn.IFNA(VLOOKUP($C13&","&E3,$C$34:$D$112,2,FALSE),"") | F13: =_xlfn.IFNA(VLOOKUP($C13&","&F3,$C$34:$D$112,2,FALSE),"") | G13: =_xlfn.IFNA(VLOOKUP($C13&","&G3,$C$34:$D$112,2,FALSE),"") | H13: =_xlfn.IFNA(VLOOKUP($C13&","&H3,$C$34:$D$112,2,FALSE),"") | I13: =_xlfn.IFNA(VLOOKUP($C13&","&I3,$C$34:$D$112,2,FALSE),"") | J13: =_xlfn.IFNA(VLOOKUP($C13&","&J3,$C$34:$D$112,2,FALSE),"") | K13: =_xlfn.IFNA(VLOOKUP($C13&","&K3,$C$34:$D$112,2,FALSE),"") | L13: =_xlfn.IFNA(VLOOKUP($C13&","&L3,$C$34:$D$112,2,FALSE),"") | ... AB13: =_xlfn.IFNA(VLOOKUP($C13&","&AB3,$C$34:$D$112,2,FALSE),"")
A14: 2 | B14: =ROW()-4 -> 10 | C14: MOV | D14: =DEC2HEX(B14) -> A | E14: =_xlfn.IFNA(VLOOKUP($C14&","&E3,$C$34:$D$112,2,FALSE),"") -> 47 | F14: =_xlfn.IFNA(VLOOKUP($C14&","&F3,$C$34:$D$112,2,FALSE),"") -> 4C | G14: =_xlfn.IFNA(VLOOKUP($C14&","&G3,$C$34:$D$112,2,FALSE),"") -> 4D | H14: =_xlfn.IFNA(VLOOKUP($C14&","&H3,$C$34:$D$112,2,FALSE),"") -> 4E | I14: =_xlfn.IFNA(VLOOKUP($C14&","&I3,$C$34:$D$112,2,FALSE),"") -> 4F | J14: =_xlfn.IFNA(VLOOKUP($C14&","&J3,$C$34:$D$112,2,FALSE),"") -> 50 | K14: =_xlfn.IFNA(VLOOKUP($C14&","&K3,$C$34:$D$112,2,FALSE),"") -> 51 | L14: =_xlfn.IFNA(VLOOKUP($C14&","&L3,$C$34:$D$112,2,FALSE),"") -> 52 | ... AB14: =_xlfn.IFNA(VLOOKUP($C14&","&AB3,$C$34:$D$112,2,FALSE),"")
A15: 2 | B15: =ROW()-4 -> 11 | C15: MOVC | D15: =DEC2HEX(B15) -> B | E15: =_xlfn.IFNA(VLOOKUP($C15&","&E3,$C$34:$D$112,2,FALSE),"") -> 54 | F15: =_xlfn.IFNA(VLOOKUP($C15&","&F3,$C$34:$D$112,2,FALSE),"") | G15: =_xlfn.IFNA(VLOOKUP($C15&","&G3,$C$34:$D$112,2,FALSE),"") | H15: =_xlfn.IFNA(VLOOKUP($C15&","&H3,$C$34:$D$112,2,FALSE),"") | I15: =_xlfn.IFNA(VLOOKUP($C15&","&I3,$C$34:$D$112,2,FALSE),"") | J15: =_xlfn.IFNA(VLOOKUP($C15&","&J3,$C$34:$D$112,2,FALSE),"") | K15: =_xlfn.IFNA(VLOOKUP($C15&","&K3,$C$34:$D$112,2,FALSE),"") | L15: =_xlfn.IFNA(VLOOKUP($C15&","&L3,$C$34:$D$112,2,FALSE),"") | ... AB15: =_xlfn.IFNA(VLOOKUP($C15&","&AB3,$C$34:$D$112,2,FALSE),"")
A16: 2 | B16: =ROW()-4 -> 12 | C16: MOVX | D16: =DEC2HEX(B16) -> C | E16: =_xlfn.IFNA(VLOOKUP($C16&","&E3,$C$34:$D$112,2,FALSE),"") -> 58 | F16: =_xlfn.IFNA(VLOOKUP($C16&","&F3,$C$34:$D$112,2,FALSE),"") | G16: =_xlfn.IFNA(VLOOKUP($C16&","&G3,$C$34:$D$112,2,FALSE),"") | H16: =_xlfn.IFNA(VLOOKUP($C16&","&H3,$C$34:$D$112,2,FALSE),"") | I16: =_xlfn.IFNA(VLOOKUP($C16&","&I3,$C$34:$D$112,2,FALSE),"") | J16: =_xlfn.IFNA(VLOOKUP($C16&","&J3,$C$34:$D$112,2,FALSE),"") | K16: =_xlfn.IFNA(VLOOKUP($C16&","&K3,$C$34:$D$112,2,FALSE),"") | L16: =_xlfn.IFNA(VLOOKUP($C16&","&L3,$C$34:$D$112,2,FALSE),"") | ... AB16: =_xlfn.IFNA(VLOOKUP($C16&","&AB3,$C$34:$D$112,2,FALSE),"")
A17: 2 | B17: =ROW()-4 -> 13 | C17: ORL | D17: =DEC2HEX(B17) -> D | E17: =_xlfn.IFNA(VLOOKUP($C17&","&E3,$C$34:$D$112,2,FALSE),"") -> 59 | F17: =_xlfn.IFNA(VLOOKUP($C17&","&F3,$C$34:$D$112,2,FALSE),"") | G17: =_xlfn.IFNA(VLOOKUP($C17&","&G3,$C$34:$D$112,2,FALSE),"") | H17: =_xlfn.IFNA(VLOOKUP($C17&","&H3,$C$34:$D$112,2,FALSE),"") | I17: =_xlfn.IFNA(VLOOKUP($C17&","&I3,$C$34:$D$112,2,FALSE),"") | J17: =_xlfn.IFNA(VLOOKUP($C17&","&J3,$C$34:$D$112,2,FALSE),"") | K17: =_xlfn.IFNA(VLOOKUP($C17&","&K3,$C$34:$D$112,2,FALSE),"") | L17: =_xlfn.IFNA(VLOOKUP($C17&","&L3,$C$34:$D$112,2,FALSE),"") | ... AB17: =_xlfn.IFNA(VLOOKUP($C17&","&AB3,$C$34:$D$112,2,FALSE),"")
A18: 2 | B18: =ROW()-4 -> 14 | C18: SUBB | D18: =DEC2HEX(B18) -> E | E18: =_xlfn.IFNA(VLOOKUP($C18&","&E3,$C$34:$D$112,2,FALSE),"") -> 5C | F18: =_xlfn.IFNA(VLOOKUP($C18&","&F3,$C$34:$D$112,2,FALSE),"") | G18: =_xlfn.IFNA(VLOOKUP($C18&","&G3,$C$34:$D$112,2,FALSE),"") | H18: =_xlfn.IFNA(VLOOKUP($C18&","&H3,$C$34:$D$112,2,FALSE),"") | I18: =_xlfn.IFNA(VLOOKUP($C18&","&I3,$C$34:$D$112,2,FALSE),"") | J18: =_xlfn.IFNA(VLOOKUP($C18&","&J3,$C$34:$D$112,2,FALSE),"") | K18: =_xlfn.IFNA(VLOOKUP($C18&","&K3,$C$34:$D$112,2,FALSE),"") | L18: =_xlfn.IFNA(VLOOKUP($C18&","&L3,$C$34:$D$112,2,FALSE),"") | ... AB18: =_xlfn.IFNA(VLOOKUP($C18&","&AB3,$C$34:$D$112,2,FALSE),"")
A19: 2 | B19: =ROW()-4 -> 15 | C19: XCH | D19: =DEC2HEX(B19) -> F | E19: =_xlfn.IFNA(VLOOKUP($C19&","&E3,$C$34:$D$112,2,FALSE),"") -> 5D | F19: =_xlfn.IFNA(VLOOKUP($C19&","&F3,$C$34:$D$112,2,FALSE),"") | G19: =_xlfn.IFNA(VLOOKUP($C19&","&G3,$C$34:$D$112,2,FALSE),"") | H19: =_xlfn.IFNA(VLOOKUP($C19&","&H3,$C$34:$D$112,2,FALSE),"") | I19: =_xlfn.IFNA(VLOOKUP($C19&","&I3,$C$34:$D$112,2,FALSE),"") | J19: =_xlfn.IFNA(VLOOKUP($C19&","&J3,$C$34:$D$112,2,FALSE),"") | K19: =_xlfn.IFNA(VLOOKUP($C19&","&K3,$C$34:$D$112,2,FALSE),"") | L19: =_xlfn.IFNA(VLOOKUP($C19&","&L3,$C$34:$D$112,2,FALSE),"") | ... AB19: =_xlfn.IFNA(VLOOKUP($C19&","&AB3,$C$34:$D$112,2,FALSE),"")
A20: 2 | B20: =ROW()-4 -> 16 | C20: XCHD | D20: =DEC2HEX(B20) -> 10 | E20: =_xlfn.IFNA(VLOOKUP($C20&","&E3,$C$34:$D$112,2,FALSE),"") -> 5E | F20: =_xlfn.IFNA(VLOOKUP($C20&","&F3,$C$34:$D$112,2,FALSE),"") | G20: =_xlfn.IFNA(VLOOKUP($C20&","&G3,$C$34:$D$112,2,FALSE),"") | H20: =_xlfn.IFNA(VLOOKUP($C20&","&H3,$C$34:$D$112,2,FALSE),"") | I20: =_xlfn.IFNA(VLOOKUP($C20&","&I3,$C$34:$D$112,2,FALSE),"") | J20: =_xlfn.IFNA(VLOOKUP($C20&","&J3,$C$34:$D$112,2,FALSE),"") | K20: =_xlfn.IFNA(VLOOKUP($C20&","&K3,$C$34:$D$112,2,FALSE),"") | L20: =_xlfn.IFNA(VLOOKUP($C20&","&L3,$C$34:$D$112,2,FALSE),"") | ... AB20: =_xlfn.IFNA(VLOOKUP($C20&","&AB3,$C$34:$D$112,2,FALSE),"")
A21: 2 | B21: =ROW()-4 -> 17 | C21: XRL | D21: =DEC2HEX(B21) -> 11 | E21: =_xlfn.IFNA(VLOOKUP($C21&","&E3,$C$34:$D$112,2,FALSE),"") -> 5F | F21: =_xlfn.IFNA(VLOOKUP($C21&","&F3,$C$34:$D$112,2,FALSE),"") | G21: =_xlfn.IFNA(VLOOKUP($C21&","&G3,$C$34:$D$112,2,FALSE),"") | H21: =_xlfn.IFNA(VLOOKUP($C21&","&H3,$C$34:$D$112,2,FALSE),"") | I21: =_xlfn.IFNA(VLOOKUP($C21&","&I3,$C$34:$D$112,2,FALSE),"") | J21: =_xlfn.IFNA(VLOOKUP($C21&","&J3,$C$34:$D$112,2,FALSE),"") | K21: =_xlfn.IFNA(VLOOKUP($C21&","&K3,$C$34:$D$112,2,FALSE),"") | L21: =_xlfn.IFNA(VLOOKUP($C21&","&L3,$C$34:$D$112,2,FALSE),"") | ... AB21: =_xlfn.IFNA(VLOOKUP($C21&","&AB3,$C$34:$D$112,2,FALSE),"")
A22: 3 | B22: =ROW()-4 -> 18 | C22: CJNE | D22: =DEC2HEX(B22) -> 12 | E22: =_xlfn.IFNA(VLOOKUP($C22&","&E3,$C$34:$D$112,2,FALSE),"") | F22: =_xlfn.IFNA(VLOOKUP($C22&","&F3,$C$34:$D$112,2,FALSE),"") | G22: =_xlfn.IFNA(VLOOKUP($C22&","&G3,$C$34:$D$112,2,FALSE),"") | H22: =_xlfn.IFNA(VLOOKUP($C22&","&H3,$C$34:$D$112,2,FALSE),"") | I22: =_xlfn.IFNA(VLOOKUP($C22&","&I3,$C$34:$D$112,2,FALSE),"") | J22: =_xlfn.IFNA(VLOOKUP($C22&","&J3,$C$34:$D$112,2,FALSE),"") | K22: =_xlfn.IFNA(VLOOKUP($C22&","&K3,$C$34:$D$112,2,FALSE),"") | L22: =_xlfn.IFNA(VLOOKUP($C22&","&L3,$C$34:$D$112,2,FALSE),"") | ... AB22: =_xlfn.IFNA(VLOOKUP($C22&","&AB3,$C$34:$D$112,2,FALSE),"")
A23: 3 | B23: =ROW()-4 -> 19 | C23: CJNE,@R0 | D23: =DEC2HEX(B23) -> 13 | E23: =_xlfn.IFNA(VLOOKUP($C23&","&E3,$C$34:$D$112,2,FALSE),"") | F23: =_xlfn.IFNA(VLOOKUP($C23&","&F3,$C$34:$D$112,2,FALSE),"") | G23: =_xlfn.IFNA(VLOOKUP($C23&","&G3,$C$34:$D$112,2,FALSE),"") | H23: =_xlfn.IFNA(VLOOKUP($C23&","&H3,$C$34:$D$112,2,FALSE),"") | I23: =_xlfn.IFNA(VLOOKUP($C23&","&I3,$C$34:$D$112,2,FALSE),"") | J23: =_xlfn.IFNA(VLOOKUP($C23&","&J3,$C$34:$D$112,2,FALSE),"") | K23: =_xlfn.IFNA(VLOOKUP($C23&","&K3,$C$34:$D$112,2,FALSE),"") | L23: =_xlfn.IFNA(VLOOKUP($C23&","&L3,$C$34:$D$112,2,FALSE),"") | ... AB23: =_xlfn.IFNA(VLOOKUP($C23&","&AB3,$C$34:$D$112,2,FALSE),"")
A24: 3 | B24: =ROW()-4 -> 20 | C24: CJNE,@R1 | D24: =DEC2HEX(B24) -> 14 | E24: =_xlfn.IFNA(VLOOKUP($C24&","&E3,$C$34:$D$112,2,FALSE),"") | F24: =_xlfn.IFNA(VLOOKUP($C24&","&F3,$C$34:$D$112,2,FALSE),"") | G24: =_xlfn.IFNA(VLOOKUP($C24&","&G3,$C$34:$D$112,2,FALSE),"") | H24: =_xlfn.IFNA(VLOOKUP($C24&","&H3,$C$34:$D$112,2,FALSE),"") | I24: =_xlfn.IFNA(VLOOKUP($C24&","&I3,$C$34:$D$112,2,FALSE),"") | J24: =_xlfn.IFNA(VLOOKUP($C24&","&J3,$C$34:$D$112,2,FALSE),"") | K24: =_xlfn.IFNA(VLOOKUP($C24&","&K3,$C$34:$D$112,2,FALSE),"") | L24: =_xlfn.IFNA(VLOOKUP($C24&","&L3,$C$34:$D$112,2,FALSE),"") | ... AB24: =_xlfn.IFNA(VLOOKUP($C24&","&AB3,$C$34:$D$112,2,FALSE),"")
A25: 3 | B25: =ROW()-4 -> 21 | C25: CJNE,A | D25: =DEC2HEX(B25) -> 15 | E25: =_xlfn.IFNA(VLOOKUP($C25&","&E3,$C$34:$D$112,2,FALSE),"") | F25: =_xlfn.IFNA(VLOOKUP($C25&","&F3,$C$34:$D$112,2,FALSE),"") | G25: =_xlfn.IFNA(VLOOKUP($C25&","&G3,$C$34:$D$112,2,FALSE),"") | H25: =_xlfn.IFNA(VLOOKUP($C25&","&H3,$C$34:$D$112,2,FALSE),"") | I25: =_xlfn.IFNA(VLOOKUP($C25&","&I3,$C$34:$D$112,2,FALSE),"") | J25: =_xlfn.IFNA(VLOOKUP($C25&","&J3,$C$34:$D$112,2,FALSE),"") | K25: =_xlfn.IFNA(VLOOKUP($C25&","&K3,$C$34:$D$112,2,FALSE),"") | L25: =_xlfn.IFNA(VLOOKUP($C25&","&L3,$C$34:$D$112,2,FALSE),"") | ... AB25: =_xlfn.IFNA(VLOOKUP($C25&","&AB3,$C$34:$D$112,2,FALSE),"")
A26: 3 | B26: =ROW()-4 -> 22 | C26: CJNE,R0 | D26: =DEC2HEX(B26) -> 16 | E26: =_xlfn.IFNA(VLOOKUP($C26&","&E3,$C$34:$D$112,2,FALSE),"") | F26: =_xlfn.IFNA(VLOOKUP($C26&","&F3,$C$34:$D$112,2,FALSE),"") | G26: =_xlfn.IFNA(VLOOKUP($C26&","&G3,$C$34:$D$112,2,FALSE),"") | H26: =_xlfn.IFNA(VLOOKUP($C26&","&H3,$C$34:$D$112,2,FALSE),"") | I26: =_xlfn.IFNA(VLOOKUP($C26&","&I3,$C$34:$D$112,2,FALSE),"") | J26: =_xlfn.IFNA(VLOOKUP($C26&","&J3,$C$34:$D$112,2,FALSE),"") | K26: =_xlfn.IFNA(VLOOKUP($C26&","&K3,$C$34:$D$112,2,FALSE),"") | L26: =_xlfn.IFNA(VLOOKUP($C26&","&L3,$C$34:$D$112,2,FALSE),"") | ... AB26: =_xlfn.IFNA(VLOOKUP($C26&","&AB3,$C$34:$D$112,2,FALSE),"")
A27: 3 | B27: =ROW()-4 -> 23 | C27: CJNE,R1 | D27: =DEC2HEX(B27) -> 17 | E27: =_xlfn.IFNA(VLOOKUP($C27&","&E3,$C$34:$D$112,2,FALSE),"") | F27: =_xlfn.IFNA(VLOOKUP($C27&","&F3,$C$34:$D$112,2,FALSE),"") | G27: =_xlfn.IFNA(VLOOKUP($C27&","&G3,$C$34:$D$112,2,FALSE),"") | H27: =_xlfn.IFNA(VLOOKUP($C27&","&H3,$C$34:$D$112,2,FALSE),"") | I27: =_xlfn.IFNA(VLOOKUP($C27&","&I3,$C$34:$D$112,2,FALSE),"") | J27: =_xlfn.IFNA(VLOOKUP($C27&","&J3,$C$34:$D$112,2,FALSE),"") | K27: =_xlfn.IFNA(VLOOKUP($C27&","&K3,$C$34:$D$112,2,FALSE),"") | L27: =_xlfn.IFNA(VLOOKUP($C27&","&L3,$C$34:$D$112,2,FALSE),"") | ... AB27: =_xlfn.IFNA(VLOOKUP($C27&","&AB3,$C$34:$D$112,2,FALSE),"")
A28: 3 | B28: =ROW()-4 -> 24 | C28: CJNE,R2 | D28: =DEC2HEX(B28) -> 18 | E28: =_xlfn.IFNA(VLOOKUP($C28&","&E3,$C$34:$D$112,2,FALSE),"") | F28: =_xlfn.IFNA(VLOOKUP($C28&","&F3,$C$34:$D$112,2,FALSE),"") | G28: =_xlfn.IFNA(VLOOKUP($C28&","&G3,$C$34:$D$112,2,FALSE),"") | H28: =_xlfn.IFNA(VLOOKUP($C28&","&H3,$C$34:$D$112,2,FALSE),"") | I28: =_xlfn.IFNA(VLOOKUP($C28&","&I3,$C$34:$D$112,2,FALSE),"") | J28: =_xlfn.IFNA(VLOOKUP($C28&","&J3,$C$34:$D$112,2,FALSE),"") | K28: =_xlfn.IFNA(VLOOKUP($C28&","&K3,$C$34:$D$112,2,FALSE),"") | L28: =_xlfn.IFNA(VLOOKUP($C28&","&L3,$C$34:$D$112,2,FALSE),"") | ... AB28: =_xlfn.IFNA(VLOOKUP($C28&","&AB3,$C$34:$D$112,2,FALSE),"")
A29: 3 | B29: =ROW()-4 -> 25 | C29: CJNE,R3 | D29: =DEC2HEX(B29) -> 19 | E29: =_xlfn.IFNA(VLOOKUP($C29&","&E3,$C$34:$D$112,2,FALSE),"") | F29: =_xlfn.IFNA(VLOOKUP($C29&","&F3,$C$34:$D$112,2,FALSE),"") | G29: =_xlfn.IFNA(VLOOKUP($C29&","&G3,$C$34:$D$112,2,FALSE),"") | H29: =_xlfn.IFNA(VLOOKUP($C29&","&H3,$C$34:$D$112,2,FALSE),"") | I29: =_xlfn.IFNA(VLOOKUP($C29&","&I3,$C$34:$D$112,2,FALSE),"") | J29: =_xlfn.IFNA(VLOOKUP($C29&","&J3,$C$34:$D$112,2,FALSE),"") | K29: =_xlfn.IFNA(VLOOKUP($C29&","&K3,$C$34:$D$112,2,FALSE),"") | L29: =_xlfn.IFNA(VLOOKUP($C29&","&L3,$C$34:$D$112,2,FALSE),"") | ... AB29: =_xlfn.IFNA(VLOOKUP($C29&","&AB3,$C$34:$D$112,2,FALSE),"")
A30: 3 | B30: =ROW()-4 -> 26 | C30: CJNE,R4 | D30: =DEC2HEX(B30) -> 1A | E30: =_xlfn.IFNA(VLOOKUP($C30&","&E3,$C$34:$D$112,2,FALSE),"") | F30: =_xlfn.IFNA(VLOOKUP($C30&","&F3,$C$34:$D$112,2,FALSE),"") | G30: =_xlfn.IFNA(VLOOKUP($C30&","&G3,$C$34:$D$112,2,FALSE),"") | H30: =_xlfn.IFNA(VLOOKUP($C30&","&H3,$C$34:$D$112,2,FALSE),"") | I30: =_xlfn.IFNA(VLOOKUP($C30&","&I3,$C$34:$D$112,2,FALSE),"") | J30: =_xlfn.IFNA(VLOOKUP($C30&","&J3,$C$34:$D$112,2,FALSE),"") | K30: =_xlfn.IFNA(VLOOKUP($C30&","&K3,$C$34:$D$112,2,FALSE),"") | L30: =_xlfn.IFNA(VLOOKUP($C30&","&L3,$C$34:$D$112,2,FALSE),"") | ... AB30: =_xlfn.IFNA(VLOOKUP($C30&","&AB3,$C$34:$D$112,2,FALSE),"")
A31: 3 | B31: =ROW()-4 -> 27 | C31: CJNE,R5 | D31: =DEC2HEX(B31) -> 1B | E31: =_xlfn.IFNA(VLOOKUP($C31&","&E3,$C$34:$D$112,2,FALSE),"") | F31: =_xlfn.IFNA(VLOOKUP($C31&","&F3,$C$34:$D$112,2,FALSE),"") | G31: =_xlfn.IFNA(VLOOKUP($C31&","&G3,$C$34:$D$112,2,FALSE),"") | H31: =_xlfn.IFNA(VLOOKUP($C31&","&H3,$C$34:$D$112,2,FALSE),"") | I31: =_xlfn.IFNA(VLOOKUP($C31&","&I3,$C$34:$D$112,2,FALSE),"") | J31: =_xlfn.IFNA(VLOOKUP($C31&","&J3,$C$34:$D$112,2,FALSE),"") | K31: =_xlfn.IFNA(VLOOKUP($C31&","&K3,$C$34:$D$112,2,FALSE),"") | L31: =_xlfn.IFNA(VLOOKUP($C31&","&L3,$C$34:$D$112,2,FALSE),"") | ... AB31: =_xlfn.IFNA(VLOOKUP($C31&","&AB3,$C$34:$D$112,2,FALSE),"")
A32: 3 | B32: =ROW()-4 -> 28 | C32: CJNE,R6 | D32: =DEC2HEX(B32) -> 1C | E32: =_xlfn.IFNA(VLOOKUP($C32&","&E3,$C$34:$D$112,2,FALSE),"") | F32: =_xlfn.IFNA(VLOOKUP($C32&","&F3,$C$34:$D$112,2,FALSE),"") | G32: =_xlfn.IFNA(VLOOKUP($C32&","&G3,$C$34:$D$112,2,FALSE),"") | H32: =_xlfn.IFNA(VLOOKUP($C32&","&H3,$C$34:$D$112,2,FALSE),"") | I32: =_xlfn.IFNA(VLOOKUP($C32&","&I3,$C$34:$D$112,2,FALSE),"") | J32: =_xlfn.IFNA(VLOOKUP($C32&","&J3,$C$34:$D$112,2,FALSE),"") | K32: =_xlfn.IFNA(VLOOKUP($C32&","&K3,$C$34:$D$112,2,FALSE),"") | L32: =_xlfn.IFNA(VLOOKUP($C32&","&L3,$C$34:$D$112,2,FALSE),"") | ... AB32: =_xlfn.IFNA(VLOOKUP($C32&","&AB3,$C$34:$D$112,2,FALSE),"")
A33: 3 | B33: =ROW()-4 -> 29 | C33: CJNE,R7 | D33: =DEC2HEX(B33) -> 1D | E33: =_xlfn.IFNA(VLOOKUP($C33&","&E3,$C$34:$D$112,2,FALSE),"") | F33: =_xlfn.IFNA(VLOOKUP($C33&","&F3,$C$34:$D$112,2,FALSE),"") | G33: =_xlfn.IFNA(VLOOKUP($C33&","&G3,$C$34:$D$112,2,FALSE),"") | H33: =_xlfn.IFNA(VLOOKUP($C33&","&H3,$C$34:$D$112,2,FALSE),"") | I33: =_xlfn.IFNA(VLOOKUP($C33&","&I3,$C$34:$D$112,2,FALSE),"") | J33: =_xlfn.IFNA(VLOOKUP($C33&","&J3,$C$34:$D$112,2,FALSE),"") | K33: =_xlfn.IFNA(VLOOKUP($C33&","&K3,$C$34:$D$112,2,FALSE),"") | L33: =_xlfn.IFNA(VLOOKUP($C33&","&L3,$C$34:$D$112,2,FALSE),"") | ... AB33: =_xlfn.IFNA(VLOOKUP($C33&","&AB3,$C$34:$D$112,2,FALSE),"")
A34: 1 | B34: =ROW()-4 -> 30 | C34: CLR | D34: =DEC2HEX(B34) -> 1E | E34: =_xlfn.IFNA(VLOOKUP($C34&","&E3,汇编指令!$C$2:$D$235,2,FALSE),"") -> E4 | F34: =_xlfn.IFNA(VLOOKUP($C34&","&F3,汇编指令!$C$2:$D$235,2,FALSE),"") | G34: =_xlfn.IFNA(VLOOKUP($C34&","&G3,汇编指令!$C$2:$D$235,2,FALSE),"") | H34: =_xlfn.IFNA(VLOOKUP($C34&","&H3,汇编指令!$C$2:$D$235,2,FALSE),"") | I34: =_xlfn.IFNA(VLOOKUP($C34&","&I3,汇编指令!$C$2:$D$235,2,FALSE),"") | J34: =_xlfn.IFNA(VLOOKUP($C34&","&J3,汇编指令!$C$2:$D$235,2,FALSE),"") | K34: =_xlfn.IFNA(VLOOKUP($C34&","&K3,汇编指令!$C$2:$D$235,2,FALSE),"") | L34: =_xlfn.IFNA(VLOOKUP($C34&","&L3,汇编指令!$C$2:$D$235,2,FALSE),"") | ... AB34: =_xlfn.IFNA(VLOOKUP($C34&","&AB3,汇编指令!$C$2:$D$235,2,FALSE),"")
A35: 1 | B35: =ROW()-4 -> 31 | C35: CPL | D35: =DEC2HEX(B35) -> 1F | E35: =_xlfn.IFNA(VLOOKUP($C35&","&E3,汇编指令!$C$2:$D$235,2,FALSE),"") -> F4 | F35: =_xlfn.IFNA(VLOOKUP($C35&","&F3,汇编指令!$C$2:$D$235,2,FALSE),"") | G35: =_xlfn.IFNA(VLOOKUP($C35&","&G3,汇编指令!$C$2:$D$235,2,FALSE),"") | H35: =_xlfn.IFNA(VLOOKUP($C35&","&H3,汇编指令!$C$2:$D$235,2,FALSE),"") | I35: =_xlfn.IFNA(VLOOKUP($C35&","&I3,汇编指令!$C$2:$D$235,2,FALSE),"") | J35: =_xlfn.IFNA(VLOOKUP($C35&","&J3,汇编指令!$C$2:$D$235,2,FALSE),"") | K35: =_xlfn.IFNA(VLOOKUP($C35&","&K3,汇编指令!$C$2:$D$235,2,FALSE),"") | L35: =_xlfn.IFNA(VLOOKUP($C35&","&L3,汇编指令!$C$2:$D$235,2,FALSE),"") | ... AB35: =_xlfn.IFNA(VLOOKUP($C35&","&AB3,汇编指令!$C$2:$D$235,2,FALSE),"")
A36: 1 | B36: =ROW()-4 -> 32 | C36: DA | D36: =DEC2HEX(B36) -> 20 | E36: =_xlfn.IFNA(VLOOKUP($C36&","&E3,汇编指令!$C$2:$D$235,2,FALSE),"") -> D4 | F36: =_xlfn.IFNA(VLOOKUP($C36&","&F3,汇编指令!$C$2:$D$235,2,FALSE),"") | G36: =_xlfn.IFNA(VLOOKUP($C36&","&G3,汇编指令!$C$2:$D$235,2,FALSE),"") | H36: =_xlfn.IFNA(VLOOKUP($C36&","&H3,汇编指令!$C$2:$D$235,2,FALSE),"") | I36: =_xlfn.IFNA(VLOOKUP($C36&","&I3,汇编指令!$C$2:$D$235,2,FALSE),"") | J36: =_xlfn.IFNA(VLOOKUP($C36&","&J3,汇编指令!$C$2:$D$235,2,FALSE),"") | K36: =_xlfn.IFNA(VLOOKUP($C36&","&K3,汇编指令!$C$2:$D$235,2,FALSE),"") | L36: =_xlfn.IFNA(VLOOKUP($C36&","&L3,汇编指令!$C$2:$D$235,2,FALSE),"") | ... AB36: =_xlfn.IFNA(VLOOKUP($C36&","&AB3,汇编指令!$C$2:$D$235,2,FALSE),"")
A37: 1 | B37: =ROW()-4 -> 33 | C37: DEC | D37: =DEC2HEX(B37) -> 21 | E37: =_xlfn.IFNA(VLOOKUP($C37&","&E3,汇编指令!$C$2:$D$235,2,FALSE),"") -> 14 | F37: =_xlfn.IFNA(VLOOKUP($C37&","&F3,汇编指令!$C$2:$D$235,2,FALSE),"") -> 18 | G37: =_xlfn.IFNA(VLOOKUP($C37&","&G3,汇编指令!$C$2:$D$235,2,FALSE),"") -> 19 | H37: =_xlfn.IFNA(VLOOKUP($C37&","&H3,汇编指令!$C$2:$D$235,2,FALSE),"") -> 1A | I37: =_xlfn.IFNA(VLOOKUP($C37&","&I3,汇编指令!$C$2:$D$235,2,FALSE),"") -> 1B | J37: =_xlfn.IFNA(VLOOKUP($C37&","&J3,汇编指令!$C$2:$D$235,2,FALSE),"") -> 1C | K37: =_xlfn.IFNA(VLOOKUP($C37&","&K3,汇编指令!$C$2:$D$235,2,FALSE),"") -> 1D | L37: =_xlfn.IFNA(VLOOKUP($C37&","&L3,汇编指令!$C$2:$D$235,2,FALSE),"") -> 1E | ... AB37: =_xlfn.IFNA(VLOOKUP($C37&","&AB3,汇编指令!$C$2:$D$235,2,FALSE),"")
A38: 1 | B38: =ROW()-4 -> 34 | C38: DIV | D38: =DEC2HEX(B38) -> 22 | E38: =_xlfn.IFNA(VLOOKUP($C38&","&E3,汇编指令!$C$2:$D$235,2,FALSE),"") | F38: =_xlfn.IFNA(VLOOKUP($C38&","&F3,汇编指令!$C$2:$D$235,2,FALSE),"") | G38: =_xlfn.IFNA(VLOOKUP($C38&","&G3,汇编指令!$C$2:$D$235,2,FALSE),"") | H38: =_xlfn.IFNA(VLOOKUP($C38&","&H3,汇编指令!$C$2:$D$235,2,FALSE),"") | I38: =_xlfn.IFNA(VLOOKUP($C38&","&I3,汇编指令!$C$2:$D$235,2,FALSE),"") | J38: =_xlfn.IFNA(VLOOKUP($C38&","&J3,汇编指令!$C$2:$D$235,2,FALSE),"") | K38: =_xlfn.IFNA(VLOOKUP($C38&","&K3,汇编指令!$C$2:$D$235,2,FALSE),"") | L38: =_xlfn.IFNA(VLOOKUP($C38&","&L3,汇编指令!$C$2:$D$235,2,FALSE),"") | ... AB38: =_xlfn.IFNA(VLOOKUP($C38&","&AB3,汇编指令!$C$2:$D$235,2,FALSE),"")
A39: 1 | B39: =ROW()-4 -> 35 | C39: INC | D39: =DEC2HEX(B39) -> 23 | E39: =_xlfn.IFNA(VLOOKUP($C39&","&E3,汇编指令!$C$2:$D$235,2,FALSE),"") -> 4 | F39: =_xlfn.IFNA(VLOOKUP($C39&","&F3,汇编指令!$C$2:$D$235,2,FALSE),"") -> 8 | G39: =_xlfn.IFNA(VLOOKUP($C39&","&G3,汇编指令!$C$2:$D$235,2,FALSE),"") -> 9 | H39: =_xlfn.IFNA(VLOOKUP($C39&","&H3,汇编指令!$C$2:$D$235,2,FALSE),"") -> A | I39: =_xlfn.IFNA(VLOOKUP($C39&","&I3,汇编指令!$C$2:$D$235,2,FALSE),"") -> B | J39: =_xlfn.IFNA(VLOOKUP($C39&","&J3,汇编指令!$C$2:$D$235,2,FALSE),"") -> C | K39: =_xlfn.IFNA(VLOOKUP($C39&","&K3,汇编指令!$C$2:$D$235,2,FALSE),"") -> D | L39: =_xlfn.IFNA(VLOOKUP($C39&","&L3,汇编指令!$C$2:$D$235,2,FALSE),"") -> E | ... AB39: =_xlfn.IFNA(VLOOKUP($C39&","&AB3,汇编指令!$C$2:$D$235,2,FALSE),"")
A40: 1 | B40: =ROW()-4 -> 36 | C40: JC | D40: =DEC2HEX(B40) -> 24 | E40: =_xlfn.IFNA(VLOOKUP($C40&","&E3,汇编指令!$C$2:$D$235,2,FALSE),"") | F40: =_xlfn.IFNA(VLOOKUP($C40&","&F3,汇编指令!$C$2:$D$235,2,FALSE),"") | G40: =_xlfn.IFNA(VLOOKUP($C40&","&G3,汇编指令!$C$2:$D$235,2,FALSE),"") | H40: =_xlfn.IFNA(VLOOKUP($C40&","&H3,汇编指令!$C$2:$D$235,2,FALSE),"") | I40: =_xlfn.IFNA(VLOOKUP($C40&","&I3,汇编指令!$C$2:$D$235,2,FALSE),"") | J40: =_xlfn.IFNA(VLOOKUP($C40&","&J3,汇编指令!$C$2:$D$235,2,FALSE),"") | K40: =_xlfn.IFNA(VLOOKUP($C40&","&K3,汇编指令!$C$2:$D$235,2,FALSE),"") | L40: =_xlfn.IFNA(VLOOKUP($C40&","&L3,汇编指令!$C$2:$D$235,2,FALSE),"") | ... AB40: =_xlfn.IFNA(VLOOKUP($C40&","&AB3,汇编指令!$C$2:$D$235,2,FALSE),"")
A41: 1 | B41: =ROW()-4 -> 37 | C41: JMP | D41: =DEC2HEX(B41) -> 25 | E41: =_xlfn.IFNA(VLOOKUP($C41&","&E3,汇编指令!$C$2:$D$235,2,FALSE),"") | F41: =_xlfn.IFNA(VLOOKUP($C41&","&F3,汇编指令!$C$2:$D$235,2,FALSE),"") | G41: =_xlfn.IFNA(VLOOKUP($C41&","&G3,汇编指令!$C$2:$D$235,2,FALSE),"") | H41: =_xlfn.IFNA(VLOOKUP($C41&","&H3,汇编指令!$C$2:$D$235,2,FALSE),"") | I41: =_xlfn.IFNA(VLOOKUP($C41&","&I3,汇编指令!$C$2:$D$235,2,FALSE),"") | J41: =_xlfn.IFNA(VLOOKUP($C41&","&J3,汇编指令!$C$2:$D$235,2,FALSE),"") | K41: =_xlfn.IFNA(VLOOKUP($C41&","&K3,汇编指令!$C$2:$D$235,2,FALSE),"") | L41: =_xlfn.IFNA(VLOOKUP($C41&","&L3,汇编指令!$C$2:$D$235,2,FALSE),"") | ... AB41: =_xlfn.IFNA(VLOOKUP($C41&","&AB3,汇编指令!$C$2:$D$235,2,FALSE),"")
A42: 1 | B42: =ROW()-4 -> 38 | C42: JNC | D42: =DEC2HEX(B42) -> 26 | E42: =_xlfn.IFNA(VLOOKUP($C42&","&E3,汇编指令!$C$2:$D$235,2,FALSE),"") | F42: =_xlfn.IFNA(VLOOKUP($C42&","&F3,汇编指令!$C$2:$D$235,2,FALSE),"") | G42: =_xlfn.IFNA(VLOOKUP($C42&","&G3,汇编指令!$C$2:$D$235,2,FALSE),"") | H42: =_xlfn.IFNA(VLOOKUP($C42&","&H3,汇编指令!$C$2:$D$235,2,FALSE),"") | I42: =_xlfn.IFNA(VLOOKUP($C42&","&I3,汇编指令!$C$2:$D$235,2,FALSE),"") | J42: =_xlfn.IFNA(VLOOKUP($C42&","&J3,汇编指令!$C$2:$D$235,2,FALSE),"") | K42: =_xlfn.IFNA(VLOOKUP($C42&","&K3,汇编指令!$C$2:$D$235,2,FALSE),"") | L42: =_xlfn.IFNA(VLOOKUP($C42&","&L3,汇编指令!$C$2:$D$235,2,FALSE),"") | ... AB42: =_xlfn.IFNA(VLOOKUP($C42&","&AB3,汇编指令!$C$2:$D$235,2,FALSE),"")
